,mean,sd,eti89_lb,eti89_ub,ess_bulk,ess_tail,r_hat,mcse_mean,mcse_sd
bhmm::hyper_log_R0_mu,0.9375552676407122,0.37628011436238246,0.3342160940201547,1.523614576934092,1607.525360722039,2615.12811556907,1.0018260730218647,0.00936565052364895,0.006086292945270863
bhmm::e_log_R0_raw,-0.3746758135513121,0.4778317372396814,-1.1462575260396064,0.37030167578277623,1719.6756335618743,2647.3995734213704,1.001553570562337,0.011500924364343624,0.006591157430695072
bhmm::flu_log_R0_raw,0.13271426372483483,0.5159876741576769,-0.6377570955390852,0.9615357721281662,1766.10182847907,2508.8153733176755,1.0019238757778655,0.01236417814797207,0.009375132358622345
bhmm::n_log_R0_raw,-1.1481385432141156,0.5686948816110738,-2.090338823360113,-0.2792419973327893,2069.0113937996907,2620.420940215663,1.001036919495423,0.012435426507690755,0.007406476145035577
bhmm::mea_log_R0_raw,1.6422497342189053,0.6227195005688211,0.702559900271375,2.7145492145003023,2493.3491034041035,3058.407793604812,1.0012792398464696,0.012372267686411465,0.008008609214796689
bhmm::log_intercept_e,-0.9978941874558301,0.08613274357888667,-1.1373944596561203,-0.8631900667414987,7335.126956939949,5848.174764576548,1.0003274831219684,0.0010075863604669009,0.0010102450823504749
bhmm::class_re[0],0.06990907605485427,0.38330936166220203,-0.5330848563323975,0.6799913250796386,3984.5006528706117,4475.481066567754,1.0003829235868018,0.006114071803105633,0.004820421963332832
bhmm::class_re[1],-0.43675798782861835,0.5208066565446575,-1.2893632058266686,0.3502578496135324,5618.217056794863,4738.891475161704,1.0004303674635124,0.007062086479272754,0.006934096799376604
bhmm::class_re[2],-1.1062088026385573,0.7354168608550449,-2.3825693252832227,-0.08234719373551273,4834.93987280977,3924.011764095244,1.0005901987431556,0.011434145274965914,0.013081927892872868
bhmm::class_re[3],0.1483549669222827,0.4931577332561291,-0.6511733327706736,0.9198140977301752,4796.768506230093,4732.276264377338,1.000841844208427,0.007185462829094489,0.006231114583104465
bhmm::class_re[4],-0.344990981774525,0.5411352375345684,-1.2260933020127398,0.4793801182203589,5377.25997550587,4665.720789132947,1.0000036134755634,0.0075042043943242456,0.006735280673528194
bhmm::class_re[5],-0.48085554577633366,0.565475130729999,-1.4272041883133482,0.3688965804921341,5566.960939055506,4598.061470259549,1.0005731246621932,0.007782734498591411,0.007746423076816816
bhmm::class_re[6],0.1821343287347385,0.4857428009023858,-0.5883212610723738,0.9605370088948227,5210.905883204182,4796.786121641086,1.0003934402951613,0.0067271045267610465,0.005739323653923212
bhmm::class_re[7],-0.15452861294146714,0.49331558406926723,-0.9663072476841873,0.5990622055584479,5193.798358599237,4748.4597561595265,1.0002823163535306,0.0069177731681597816,0.006118304683075238
bhmm::class_re[8],0.29463387290053017,0.45676681429679633,-0.4331076320601317,1.0052879024559451,5376.76006602057,5050.407673380108,1.0004550176179283,0.0062294768120698335,0.005257292893856763
bhmm::class_re[9],2.0166184230614705,0.5037621652471147,1.2271035198546765,2.84478523249317,3614.699586829966,4496.94215183219,1.0001482266612738,0.008391608538635737,0.005539802517850423
bhmm::class_re[10],0.36203687641329474,0.4717679070093571,-0.3972159149314861,1.1244496030715134,4930.960372951122,5279.304952209983,1.000774102404611,0.006713636909460394,0.005045256084648144
bhmm::class_re[11],-0.8257510259489715,0.6252657980520068,-1.9116811211428606,0.07175760605013501,6321.293852119521,4478.79506491485,1.0007640208059543,0.008303594933668966,0.00856332581578906
bhmm::class_re[12],-0.3151397225260071,0.5329376877279889,-1.1994664362715282,0.5019833640012941,5910.9986814263475,4958.507232268773,1.001468182311559,0.007008162312794216,0.0065569859179245476
bhmm::class_re[13],-0.04718732988121491,0.5024876552991351,-0.8685577795902932,0.7412598370661978,5878.608609765193,5251.862868642908,1.0018769533294667,0.00657453268430552,0.006018568750143028
bhmm::class_re[14],0.0010709180908100655,0.5565786455465302,-0.9019672892092421,0.8674623205752828,6160.217840249425,5017.631225348667,1.0000710030680449,0.007138208774858842,0.007256718101441681
bhmm::hyper_log_R0_sd,0.7119295724206475,0.22207332520802378,0.4089421298966534,1.104851006440046,3515.1766445965113,3767.5985950752647,1.0000462176623854,0.003657016143541397,0.0027558941239313457
bhmm::e_alpha_nb,2.15965136542577,0.6252642739141397,1.3266745410525402,3.2622675958536935,7258.436971016606,5726.746836887321,1.0009316321508606,0.007649871325851888,0.008724033077004869
bhmm::flu_alpha_nb,0.921268061568033,0.3200685712699257,0.4808825684310374,1.4921861448661953,5612.488735812737,4488.183787573009,1.0006459254038078,0.004140897220664764,0.003944187434876309
bhmm::mea_alpha_nb,0.953767394243107,0.3179906721903271,0.5483702429609675,1.5206477914218584,7010.206470354879,5776.194828065905,1.000634442373715,0.003956197642778477,0.0051622413257707694
bhmm::class_re_sd,0.8880383485321864,0.2518981268602375,0.5487163820529695,1.329845347008251,2976.5986325643767,3892.694509971044,1.000185894440915,0.004559093113815351,0.0035333434982977715
bhmm::e_log_R0,0.6597467882857925,0.016555328811567224,0.6335179335318635,0.6858959637709834,7783.886690702197,5652.707914560962,1.0006931139054984,0.00018699462733170335,0.00022907665483535018
bhmm::flu_log_R0,1.0480987881973225,0.2547119859483076,0.8679726404205236,1.378551979039091,3478.1743206260753,1791.4854465943881,1.0017918063030915,0.006462524763604871,0.017819454931074712
bhmm::n_log_R0,0.07502176920517611,0.01966076424565707,0.04709863701632424,0.1078495085267105,2465.6051692653336,3770.487043395079,1.0009071860400809,0.0004058714344240333,0.00046281877822362013
bhmm::e_R0,1.93456751120154,0.032017786423403236,1.8842275207123809,1.985550020182411,7783.886690702197,5652.707914560962,1.0006992170565483,0.0003618075491552246,0.00044300487281971276
bhmm::flu_R0,3.028196586383218,2.8231317221076218,2.3820766304991694,3.969150159220128,3478.1743206260753,1791.4854465943881,1.0017918063030915,0.058610986546032834,0.796784020543224
bhmm::n_R0,1.0781171775050986,0.021387101933894887,1.0482253978118625,1.1138801033425016,2465.6051692653336,3770.487043395079,1.0009071860400809,0.00044275993937168805,0.0005479715769951365
bhmm::mea_log_R0,2.1865987583200415,0.09627222070032665,2.0387760376850377,2.344928111515412,8063.983483452068,4962.187128121114,1.0003925143977277,0.0010758459491452,0.0013385221579225548
bhmm::mea_R0,8.94665844698202,0.8771206480849603,7.681201969556342,10.43252272536363,8063.983483452068,4962.187128121114,1.0003925143977277,0.009877396779200446,0.012997932051457016
bhmm::e_mu_obs[0],0.0010000000000000005,1.2555061157382141e-16,0.001,0.001,8000.0,8000.0,,4.8490025901942675e-21,0.0
bhmm::e_mu_obs[1],0.5463772652508863,0.06348858885524933,0.45168743746752665,0.6540821230909323,7834.011076930467,6226.05596059851,0.9999866821107177,0.0007163753259986959,0.0006747709628662113
bhmm::e_mu_obs[2],0.5733118507947628,0.06708769538579959,0.4734059814962767,0.6873221309355559,7837.374589242306,6228.179907935624,0.9999856745782248,0.0007567817063833331,0.0007153660451084468
bhmm::e_mu_obs[3],0.6014349062631746,0.07086428216834967,0.49604205309114935,0.7220270845897775,7841.296677672877,6203.6494843727105,0.9999861098908304,0.0007991777809722938,0.0007580864984684015
bhmm::e_mu_obs[4],0.6307841719500119,0.07482375589516298,0.5195199500707972,0.758463567319101,7849.650760320851,6171.719008106395,0.9999852226857927,0.0008436242534158757,0.0008029935276319111
bhmm::e_mu_obs[5],0.6613969890436459,0.07897128230570105,0.5440486349486396,0.7961624286721791,7854.43565444519,6232.4964842474865,0.9999846111134053,0.0008901791350822953,0.0008501439761908701
bhmm::e_mu_obs[6],0.6933100833082967,0.08331172620512463,0.5697872218327897,0.8356591215739644,7860.14970229374,6163.77909079619,0.9999856737245615,0.0009388970743867187,0.0008995893637536246
bhmm::e_mu_obs[7],0.726559325594457,0.08784958273374607,0.5960335084849211,0.8768332940470219,7863.567786449633,6159.193934960401,0.9999853692520599,0.0009898285834103657,0.0009513748966227477
bhmm::e_mu_obs[8],0.7611794722067052,0.09258890460154451,0.6237709584777393,0.919657077904279,7867.129042336894,6159.193934960401,0.9999853578297255,0.0010430192262210706,0.001005538365520105
bhmm::e_mu_obs[9],0.7972038782746019,0.0975332232720288,0.652321219076299,0.9642155915905156,7872.400645660198,6183.731089550452,0.999984904751742,0.0010985087399090826,0.0010621089619755602
bhmm::e_mu_obs[10],0.8346641859697441,0.10268546350497296,0.6819674923212816,1.0101481521778521,7876.926747719868,6158.789103377376,0.9999848616226741,0.0011563300728744893,0.0011211060475143672
bhmm::e_mu_obs[11],0.8735899911557574,0.10804785340602689,0.7125967238465792,1.058242961929021,7881.001133915726,6039.660601518384,0.9999841291840803,0.0012165083823880366,0.001182537813549859
bhmm::e_mu_obs[12],0.9140084790970099,0.11362182727425937,0.744920575596277,1.1082932684734406,7883.617496656772,5982.407230542496,0.9999839629974061,0.001279059954083202,0.0012463999099294766
bhmm::e_mu_obs[13],0.9559440381852337,0.1194079255851139,0.7787716089830468,1.1604530060422658,7886.080699898939,5998.180462640709,0.9999848472442225,0.0013439910816781828,0.0013126740430058784
bhmm::e_mu_obs[14],0.9994178474371574,0.125405688880523,0.8137394589210035,1.2141954291772639,7887.455010549025,5986.422922039436,0.9999839144703119,0.001411296885262747,0.001381326467430597
bhmm::e_mu_obs[15],1.0444474380602078,0.13161354945902645,0.849702740287725,1.2704093123392637,7889.207843845654,5964.007069613422,0.9999821163629059,0.0014809601094340876,0.0014523065007746513
bhmm::e_mu_obs[16],1.0910462338774927,0.13802871773024059,0.8868202615833208,1.32743769634617,7890.94939536522,6002.500710151751,0.9999814649332893,0.0015529498581542285,0.0015255450762770913
bhmm::e_mu_obs[17],1.1392230661385097,0.14464706973572822,0.9249144051512537,1.3878089980934472,7892.241056923604,6031.619656257048,0.999981399343848,0.0016272203510860122,0.00160095328489463
bhmm::e_mu_obs[18],1.18898167237289,0.1514630354284083,0.9645928744829738,1.4495364236270458,7893.9729212908915,6031.619656257048,0.9999818822109254,0.0017037096863298728,0.0016784208883215718
bhmm::e_mu_obs[19],1.2403201776169483,0.15846948378774026,1.0054656716841452,1.5131064129346865,7897.310945154608,6031.203581569061,0.9999806210122776,0.0017861475207499636,0.001757815033513786
bhmm::e_mu_obs[20],1.2932305592855755,0.16565761270775956,1.0477903517615372,1.5784194932939262,7897.809771594232,6043.052358225083,0.9999805173572932,0.0018670555153843017,0.0018389790947389972
bhmm::e_mu_obs[21],1.347698102805403,0.1730168483088376,1.0915613752637678,1.6458228724083486,7898.148582476787,6031.441949801779,0.9999802258634674,0.0019498894616352513,0.0019217315912387425
bhmm::e_mu_obs[22],1.4037008569988374,0.18053475148063158,1.1365836661591229,1.7143825735573226,7899.151524102471,6031.757184393786,0.9999802892030379,0.0020345098748387144,0.002005865276910364
bhmm::e_mu_obs[23],1.461209089898433,0.18819692826606566,1.182918767173237,1.7849909902772194,7899.841923531058,6031.757184393786,0.9999805792903552,0.002120755406522859,0.0020911465668226902
bhmm::e_mu_obs[24],1.5201847449867365,0.19598695499671753,1.2301239235982955,1.8573293647329054,7899.775777378242,6031.260723980355,0.99998092265105,0.0022084420341980226,0.002177315269732917
bhmm::e_mu_obs[25],1.5805809130680628,0.20388632778239213,1.2788036589986473,1.931319958263902,7899.854747081067,6031.260723980355,0.9999804017499846,0.0022973625195898185,0.0022640845951087158
bhmm::e_mu_obs[26],1.6423413354631797,0.2118744289926576,1.3287091222741056,2.006871576794958,7899.3785002672585,6042.888327107668,0.9999808663596792,0.0023872860583168867,0.002351141569229797
bhmm::e_mu_obs[27],1.7053999381207472,0.21992850952653814,1.3796937906012965,2.083446122334623,7899.477449284737,6054.465439661892,0.9999815384485108,0.002477958115464707,0.0024381478971662006
bhmm::e_mu_obs[28],1.7696803956205784,0.22802369575666562,1.431660682014019,2.161091989569275,7899.418209360194,6066.478271076494,0.9999814388954389,0.0025691005416305607,0.00252474130595257
bhmm::e_mu_obs[29],1.8350957405025488,0.23613303546079167,1.4848651742886392,2.23932525479699,7899.427726024461,6031.303636066904,0.9999811434545538,0.00266041212774889,0.0026105374803093045
bhmm::e_mu_obs[30],1.9015480502595663,0.24422757706204318,1.5391218265849997,2.319437456868688,7898.164715774294,6020.267377548195,0.9999806179646468,0.002751569528604231,0.00269513254520582
bhmm::e_mu_obs[31],1.968928207129995,0.2522764749255985,1.5943943813475192,2.4007382669640904,7898.676596727973,6008.4793738874105,0.999980605698733,0.002842228485980162,0.002778106160194502
bhmm::e_mu_obs[32],2.0371157330495526,0.2602471349920353,1.6503998191315616,2.4820199718875955,7897.327667917637,6020.36708252158,0.9999802997742464,0.0029320255026055193,0.002859025225358692
bhmm::e_mu_obs[33],2.1059787042377858,0.2681054002228125,1.7071459073800213,2.5625545677961727,7896.785806267401,6017.210636390092,0.9999795624826445,0.0030205799604917484,0.0029374482529511956
bhmm::e_mu_obs[34],2.175373772945774,0.27581578403815876,1.764777213607435,2.644622256212276,7894.812449024764,6001.315672790101,0.999979395644205,0.003100773946350775,0.0030129304604252015
bhmm::e_mu_obs[35],2.2451463273641696,0.28334174005052193,1.822835460918499,2.7277720923864313,7892.106336619809,6044.710869364266,0.9999786951064391,0.003185615344984424,0.0030850294765662417
bhmm::e_mu_obs[36],2.315130760150343,0.29064597406966863,1.8812990435180907,2.8092989016318213,7889.72095333586,6099.038597705071,0.9999773509646039,0.003268042447300627,0.003153311653686195
bhmm::e_mu_obs[37],2.3851508647349053,0.2976907996685118,1.940443266939502,2.8915256254951043,7889.133988851112,6087.811199000311,0.9999773840769101,0.0033476429667081233,0.0032173590071382582
bhmm::e_mu_obs[38],2.4550203549502267,0.3044385372159701,1.999776478473239,2.972324061674151,7885.88368711108,6099.588761961375,0.9999769295612585,0.0034240056122225066,0.003276776752242153
bhmm::e_mu_obs[39],2.524543535899943,0.31085193984026105,2.0585281772648334,3.0524261128216037,7880.0677336702765,6147.412022205657,0.9999772231972729,0.0034967248352290137,0.00333120122676751
bhmm::e_mu_obs[40],2.5935161366363273,0.31689465529843136,2.1182374936549557,3.1312913933924778,7875.904532495246,6147.825193570905,0.9999758164340752,0.0035654059504176307,0.0033803081535611137
bhmm::e_mu_obs[41],2.661726276675588,0.3225317175680951,2.1767515448340653,3.2071867511167227,7870.911455527492,6231.146946878892,0.9999755489861821,0.0036296705591899567,0.0034238212436824215
bhmm::e_mu_obs[42],2.7289555712370457,0.32773005978181147,2.2351868452079784,3.283267540820685,7867.1783827183635,6243.880812245297,0.9999766593465017,0.0036891621759273558,0.0034615209475837953
bhmm::e_mu_obs[43],2.7949803662936192,0.3324590408815625,2.292920445086735,3.3577850387979593,7860.518935094668,6237.98901080411,0.9999762983636665,0.003743551972876856,0.003493253113550673
bhmm::e_mu_obs[44],2.8595731102977258,0.33669096625015105,2.351495347702544,3.427101176239159,7853.08854935321,6451.127320681123,0.9999757740711831,0.00379254442010819,0.0035189373843544963
bhmm::e_mu_obs[45],2.9225038544372164,0.3404016044466905,2.407517919067759,3.494805244027271,7845.45626974358,6388.224091335943,0.9999737990855547,0.0038358828379801146,0.0035385750952047585
bhmm::e_mu_obs[46],2.9835418564080873,0.343570692490519,2.464110714960413,3.559310605058345,7838.512224414945,6507.528503449845,0.9999740699720212,0.0038733547763993214,0.0035522564177347623
bhmm::e_mu_obs[47],3.0424572683193745,0.3461824148272419,2.5180667803125085,3.6222610914163638,7830.043430767137,6688.51094333919,0.999972884631479,0.0039047970590028063,0.0035601664238297556
bhmm::e_mu_obs[48],3.0990228903359807,0.34822584073694884,2.5711268374368963,3.6827819122104426,7819.461514778758,6427.871278190717,0.9999728690958848,0.0039301003195048685,0.0035625895682004057
bhmm::e_mu_obs[49],3.1530159751914817,0.34969530400922055,2.6212406843524008,3.739882672642507,7807.182704777825,6645.5325555115505,0.9999696548156931,0.003949212849644676,0.003559912197368326
bhmm::e_mu_obs[50],3.20422006360329,0.3505907187686372,2.6699023914223226,3.7915913870069913,7791.7512899232315,6589.368328514322,0.9999686747454436,0.0039621436963879824,0.003552622461097028
bhmm::e_mu_obs[51],3.2524268204465425,0.35091782405415806,2.7173277220209324,3.841459485348112,7777.232723871375,6723.157053034484,0.9999673221761692,0.003968964929038023,0.003541306978337238
bhmm::e_mu_obs[52],3.297437842178274,0.3506883448413202,2.762663976965688,3.88319902650723,7763.569182602208,6781.320392540447,0.9999695176863712,0.0039698129424150935,0.0035243746799716556
bhmm::e_mu_obs[53],3.339066406689736,0.34992005495380246,2.805007504532122,3.923771542385255,7745.926011083779,6766.736865305323,0.9999682299880033,0.003964888648269736,0.0035022735935876168
bhmm::e_mu_obs[54],3.3771391439912923,0.3486367279717835,2.844967292861723,3.9592684051214997,7730.455586291887,6796.146923320618,0.9999723176040652,0.003954456400900209,0.0034784915749598703
bhmm::e_mu_obs[55],3.4114976048815997,0.34686797326090796,2.881145984352228,3.988766666858422,7712.323512695551,6728.427099811339,0.9999752238949641,0.003938841650338192,0.003453987745728515
bhmm::e_mu_obs[56],3.4419997011162837,0.3446489535868379,2.9146065985952365,4.015417845186217,7691.806898608054,6733.108785046945,0.9999777278026012,0.00391842729682009,0.0034297383383715234
bhmm::e_mu_obs[57],3.4685209918287887,0.34201998123378313,2.942771244250784,4.034956499482353,7671.222258749026,6716.612075185472,0.9999788216098408,0.0038936487296798708,0.0034156488827088126
bhmm::e_mu_obs[58],3.49095579055677,0.33902598431080866,2.9673425496093646,4.0499241311503935,7650.713835691077,6814.945673218417,0.9999793055872975,0.0038649874877752506,0.0033964702655433854
bhmm::e_mu_obs[59],3.5092180796973067,0.3357158380602106,2.9907229925537675,4.059534534278494,7630.488574307326,6818.252230403569,0.9999818985367557,0.003832963508342267,0.0033801044083379755
bhmm::e_mu_obs[60],3.523242226763299,0.33214157202005024,3.0088627225755413,4.0635349917046195,7614.7609532497,6699.755050633865,0.9999806861600906,0.0037981261390178937,0.003367474122105752
bhmm::e_mu_obs[61],3.5329834897449217,0.32835746820499767,3.025385160354419,4.068555543036981,7593.936747672947,6473.584492135242,0.9999802189054846,0.003761044104432457,0.00336962782365195
bhmm::e_mu_obs[62],3.538418294354221,0.32441905809573796,3.0372744396104476,4.064600623234624,7569.651362916273,6473.234339409843,0.9999835035588075,0.0037222945471150157,0.003373847915437531
bhmm::e_mu_obs[63],3.539544277859163,0.32038202352806017,3.046686432111556,4.059097958903513,7545.017209865445,6482.097766848166,0.9999844799753982,0.0036824512360147145,0.003379880704903482
bhmm::e_mu_obs[64],3.536380118798743,0.31630103402823245,3.0508302981476816,4.047493362585035,7527.326025476258,6331.609194550928,0.9999888437574301,0.003642072365749073,0.003387292714162783
bhmm::e_mu_obs[65],3.5289651707059457,0.31222857067824444,3.049510353369301,4.032754284172882,7500.576466251135,6344.694829998033,0.9999934524932387,0.0036016884856925474,0.003395491185164956
bhmm::e_mu_obs[66],3.5173588654475667,0.3082137550368726,3.0442050897596507,4.018665643576396,7479.765293356803,6177.848052356807,0.99999602100031,0.0035617907354402465,0.0034037568095352487
bhmm::e_mu_obs[67],3.5016398992682687,0.30430121218163964,3.033375629129987,3.9986732161255736,7453.435122481021,6033.625907046436,1.0000003824322008,0.0035228197388886278,0.003411286784088079
bhmm::e_mu_obs[68],3.4819053031187277,0.30053005273390754,3.019568603183775,3.973593355286295,7429.89109774697,5966.046247736255,1.0000040692563696,0.00348515601512276,0.0034172449279118735
bhmm::e_mu_obs[69],3.4582693290438673,0.2969330044185388,3.00092405156612,3.9439851719718626,7408.511923620724,6057.397139981745,1.0000584078361439,0.003449112130607393,0.0034208146194469823
bhmm::e_mu_obs[70],3.4308621270058204,0.2935357155901293,2.9791359497307166,3.911612333733572,7390.631929579847,5944.147219886174,1.0001139218883828,0.003414926743651506,0.003421250390388992
bhmm::e_mu_obs[71],3.399828437348493,0.2903563139123835,2.951960488171114,3.8764004480787353,7375.328917185294,5901.303282904855,1.0000968156407233,0.0033827613937562227,0.003417923831795233
bhmm::e_mu_obs[72],3.365326091099619,0.28740521213566067,2.9200116263269327,3.8345063824922874,7363.641963223405,5890.707740516985,1.0000376626733605,0.0033526997316407807,0.0034103598905158845
bhmm::e_mu_obs[73],3.3275244305560006,0.28468518033773116,2.884097363605005,3.7896664430781426,7348.2042391080495,5869.202938181212,1.0001808274487216,0.00332474934256099,0.0033982608766311576
bhmm::e_mu_obs[74],3.2866027880474418,0.28219169888891227,2.84821845153921,3.745879330301287,7332.901422082747,5869.906335249535,1.0002330190871265,0.0032988462809478932,0.0033815170327827285
bhmm::e_mu_obs[75],3.2427488329561083,0.2799135350027832,2.8074601552750136,3.699997379174593,7320.658710980272,5870.03389303355,1.000264664457068,0.0032748615444330256,0.003360202840689671
bhmm::e_mu_obs[76],3.196156929833564,0.2778335455629924,2.7629570616149355,3.6528777688037426,7316.102132632125,5874.1189217311185,1.000323665727505,0.003252609669577579,0.003336117672046947
bhmm::e_mu_obs[77],3.14702660068181,0.27592961745451433,2.7168306126475037,3.6022256998550923,7311.430434142242,5941.368431897122,1.0003113676036068,0.0032318583311820065,0.0033097179500267784
bhmm::e_mu_obs[78],3.095560912891301,0.274175727013397,2.6669465867851354,3.545177378257332,7305.066738596582,5874.433909369148,1.0001691523219798,0.0032123390544808324,0.0032797515055757597
bhmm::e_mu_obs[79],3.041964999220265,0.272543021430865,2.6181756561262803,3.487960372421804,7306.378471205348,5919.190207144461,1.000107904231618,0.0031937578267131348,0.003246768159322011
bhmm::e_mu_obs[80],2.9864446291923468,0.2710009193933221,2.5645039319409326,3.426272174629939,7303.157333692715,6067.884209763429,1.0000508534684045,0.0031758059237162353,0.0032113646101347743
bhmm::e_mu_obs[81],2.9292047817945916,0.2695181097985516,2.5089457998064377,3.3679228782473807,7305.169765597046,6067.6396681356055,1.0000497921775535,0.0031581695023149055,0.0031741468031851877
bhmm::e_mu_obs[82],2.870448505194927,0.2680635060557788,2.453685549350529,3.310461303263171,7305.84907006707,6032.215837032202,1.0000517496081862,0.0031405388692228075,0.0031357443102253326
bhmm::e_mu_obs[83],2.810375589564441,0.26660703521617607,2.39903866662727,3.2509412038449255,7312.31648019337,6057.343376151368,1.0000556003079908,0.003122615992484359,0.003096966416356743
bhmm::e_mu_obs[84],2.7491817003488275,0.2651203329589081,2.340545155492655,3.1865897191599792,7286.872034952272,6105.66869541579,1.000055128692719,0.0031132205096786143,0.003057982018809208
bhmm::e_mu_obs[85],2.6870572188969,0.26357724150582723,2.2819937389618747,3.121892386546264,7237.311359706346,5904.1286839731165,1.0000558146739704,0.0031052382398246837,0.0030191662628356133
bhmm::e_mu_obs[86],2.62418658330379,0.2619542523692989,2.2203806639620107,3.057597204213308,7187.692319470654,6128.579040253116,1.0000555886181717,0.003095271935886232,0.0029808082440105233
bhmm::e_mu_obs[87],2.560747455718685,0.2602307272146917,2.1617536756737956,2.9937196210042765,7141.050489339002,6069.808001873017,1.000060800275038,0.0030831389758993323,0.0029423380100384216
bhmm::e_mu_obs[88],2.4969101288877984,0.2583890803912485,2.1014689929955424,2.928877468468249,7104.17645909665,6049.873309960432,1.0000584256368004,0.003068696045341442,0.0029068034327874807
bhmm::e_mu_obs[89],2.4328370471889214,0.25641482321632303,2.0406066075290816,2.864641773444272,7070.387371779236,5928.747734256018,1.0000573815094163,0.003051837851256416,0.002872037961647113
bhmm::e_mu_obs[90],2.368682355466707,0.25429651335516795,1.9800557627132098,2.7944394791011895,7051.646054142732,5715.374352236402,1.000057529744163,0.003032494892381579,0.0028380221570266126
bhmm::e_mu_obs[91],2.304591624944269,0.25202568934331715,1.9177192255286135,2.7252254949109287,7028.24418103757,5846.016058090867,1.0000575804610894,0.003010631468624707,0.002804689355945391
bhmm::e_mu_obs[92],2.2407016205044363,0.24959668476366836,1.8581040086621698,2.657547431751429,7003.947436036317,5932.369207096961,1.000056495763039,0.0029862426415868683,0.0027719370402772376
bhmm::e_mu_obs[93],2.177140178716544,0.24700645491466486,1.798114882324038,2.589111460213691,6998.405808878462,5983.274202937049,1.0000528678166747,0.002959351526540228,0.002739638124492965
bhmm::e_mu_obs[94],2.1140261547341415,0.2442543566821774,1.7383958148018728,2.520815701851735,6982.676855054477,6005.026797945441,1.0000522775916647,0.0029300061824340646,0.002707650778785209
bhmm::e_mu_obs[95],2.0514694416929773,0.2413419075494445,1.680308901987981,2.453581674750505,6959.066575036919,5863.703527295139,1.0000578311671433,0.0028982766281492652,0.002675827349974146
bhmm::e_mu_obs[96],1.9895710609883674,0.23827254730329733,1.623410457461689,2.387049157180132,6967.792561219683,5841.168518797878,1.000056062059213,0.0028642518849562714,0.002644021546969203
bhmm::e_mu_obs[97],1.9284233065534422,0.2350513943230577,1.5690600349972819,2.3226217815128947,6973.688207760501,5738.276285227781,1.0000544954568862,0.0028280370174784755,0.0026120942919744578
bhmm::e_mu_obs[98],1.8681099295922876,0.23168500340929413,1.5143831059570283,2.256007649258611,6987.815085499022,5833.630890082577,1.0000514170126016,0.0027897504452221817,0.0025799180627826455
bhmm::e_mu_obs[99],1.808706385177111,0.22818113713312801,1.4625705950395613,2.192443690082236,6992.304159212622,5686.641934231759,1.000064466649664,0.0027484971068015905,0.0025504915914831144
bhmm::e_mu_obs[100],1.7502801046705256,0.22454854783458267,1.4089632424868064,2.129843101681248,7001.292368245985,5750.017890087447,1.0000474655882345,0.0027038675485527176,0.002522068063092433
bhmm::e_mu_obs[101],1.6928907908769397,0.22079677060633618,1.3575636377412539,2.064381961092642,7010.571244252382,5766.533460588722,1.0000593701959848,0.0026559234907454717,0.0024926377145696684
bhmm::e_mu_obs[102],1.636590754635511,0.21693593663326088,1.3077207191718792,2.001667168873612,7025.318954876261,5933.570956679811,1.000067389944446,0.0026068466615753925,0.0024621638077602956
bhmm::e_mu_obs[103],1.5814252599045138,0.21297660119742792,1.2591016182029824,1.940339754367207,7046.401088273894,6153.489812146166,1.0000465626662738,0.0025567664534345566,0.002429418539453516
bhmm::e_mu_obs[104],1.5274328813154188,0.20892958528581154,1.2125756931761829,1.8797064883946513,7062.531388730934,6098.836606093374,1.0000468286893962,0.002505813230941695,0.0023944539197249147
bhmm::e_mu_obs[105],1.4746458742028694,0.20480583950840361,1.1669054605978435,1.8221028262591308,7079.237069923475,6262.988510560017,1.0000593827109658,0.002454117048256063,0.0023587142917811817
bhmm::e_mu_obs[106],1.4230905525977413,0.20061632038609628,1.1221228484459826,1.7646200388283213,7098.285993552587,6268.650403909596,1.0000779734703444,0.0024018064766139434,0.0023222099642676917
bhmm::e_mu_obs[107],1.3727876634272878,0.19637188316956025,1.0790535032326427,1.7079660415280193,7107.612305987918,6103.372056082033,1.000058664889679,0.002349007602975119,0.0022849637250651235
bhmm::e_mu_obs[108],1.3237527572560417,0.19208318996159404,1.0367653599290216,1.6524769629397884,7115.924546128324,6097.313967595569,1.0000626374253,0.0022958431769795726,0.0022470092979894416
bhmm::e_mu_obs[109],1.275996562491865,0.18776063085806396,0.9957513668809063,1.5988380705656404,7067.888041613812,6115.564572115131,1.0000518169183807,0.0022424318820564856,0.0022083897017405488
bhmm::e_mu_obs[110],1.2295253467637755,0.1834142600907926,0.9560932830449713,1.5434176625048472,7076.490003072942,6067.967647571324,1.0000409046108052,0.002188887761214634,0.002169155592742593
bhmm::e_mu_obs[111],1.1843412667537359,0.17905374086117323,0.9178598577859863,1.4907272570962744,7083.339216721884,6243.685892614369,1.0000412636353608,0.0021353197234132617,0.0021293639080735317
bhmm::e_mu_obs[112],1.1404427121005773,0.1746883030551415,0.8804321684176578,1.4391256800842087,7089.786795328159,6182.903697670427,1.0000408750014125,0.002081831177784082,0.002089076487944198
bhmm::e_mu_obs[113],1.0978246373243006,0.17032671110933,0.844772062538893,1.3902352373117177,7097.363395554899,6164.249475216339,1.0000407954815032,0.002028519768166622,0.0020483587088934345
bhmm::e_mu_obs[114],1.056478875416852,0.1659772392623039,0.8103499047834407,1.3416209174820573,7100.748550238356,6115.599352222192,1.0000412274662087,0.0019754771823390273,0.0020072784240881603
bhmm::e_mu_obs[115],1.0163944391323725,0.16164765495056369,0.7776362531360941,1.2941354969961287,7107.2075078884545,6032.541302377501,1.000039659642381,0.0019227890402141606,0.0019659049936453193
bhmm::e_mu_obs[116],0.9775578123165628,0.1573452091818395,0.7462432576291361,1.2484211760978787,7112.819916039621,6094.585022073972,1.000037109438685,0.0018705348456820178,0.0019243082781830404
bhmm::e_mu_obs[117],0.9399532200730691,0.1530766340074521,0.7155308322063069,1.2037997065328618,7120.282257754516,6115.79567874535,1.0000384188239735,0.0018187880176907343,0.0018825578725044808
bhmm::e_mu_obs[118],0.9035628832677373,0.1488481431998525,0.6864234096520724,1.1602396618475068,7126.724475531254,6096.679747466985,1.0000383601133624,0.001767615948691187,0.0018407225247218351
bhmm::e_mu_obs[119],0.8683672640442569,0.14466543753969247,0.657784052256547,1.117256440525016,7134.357182850909,6036.778670310915,1.0000358043097686,0.001717080099572893,0.001798869466812662
bhmm::e_mu_obs[120],0.8343452911530532,0.14053371648392424,0.6303229516070462,1.0759595029146012,7137.235423186494,5991.233118186743,1.0000355456102614,0.0016672361702738054,0.0017570639014767389
bhmm::e_mu_obs[121],0.8014745680478763,0.13645769000592883,0.6036158976963563,1.0355968353981675,7146.400700196717,5985.1036247779675,1.0000357646530764,0.0016181342674423621,0.001715368723719895
bhmm::e_mu_obs[122],0.7697315727657419,0.13244159283707987,0.5781954773092783,0.997296564102645,7151.656142146926,5996.63343971842,1.0000363738924494,0.00156981908422042,0.001673844128636312
bhmm::e_mu_obs[123],0.7390918401600939,0.1284892039144528,0.5534381477567918,0.9595255374041396,7159.000907065966,6040.264313236975,1.0000340714045248,0.0015223301441269828,0.0016325473012683406
bhmm::e_mu_obs[124],0.7095301268237276,0.12460386474759565,0.5299557152417361,0.9233464387228048,7168.422111952172,6093.72697629211,1.0000324306419164,0.0014757020311440495,0.0015915323496464397
bhmm::e_mu_obs[125],0.6810205691085486,0.12078849818201433,0.5071816713437217,0.8883978848635599,7172.656011099418,6012.244042843507,1.0000325853127185,0.0014299646104504167,0.0015508501172817979
bhmm::e_mu_obs[126],0.6535368257849986,0.11704563118676341,0.485598997426135,0.8539646061917796,7176.5454563283865,5882.530758839939,1.0000327886726093,0.0013851433003170405,0.0015105480278933138
bhmm::e_mu_obs[127],0.627052204668328,0.11337741624751281,0.46511940261791385,0.82150910082024,7184.303977592925,5817.026212045535,1.0000331060484342,0.0013412593287954297,0.001470670157299314
bhmm::e_mu_obs[128],0.6015397842667338,0.1097856515077852,0.4446127109608985,0.7901631694571802,7188.0757958709155,5867.741284941052,1.000033868116268,0.0013034317458973635,0.0014312571798396675
bhmm::e_mu_obs[129],0.5769725213984355,0.10627180410922438,0.4253047440476502,0.7596813982819172,7190.4049530378215,5975.538746372432,1.000034448736352,0.0012614327615256206,0.00139234632784349
bhmm::e_mu_obs[130],0.5533233453608295,0.10283703206124789,0.4067601230911835,0.7299136134157618,7195.743498601345,5953.6064973177245,1.0000339198096995,0.001220403158954984,0.0013539715483312663
bhmm::e_mu_obs[131],0.5305652488307255,0.09948220380980667,0.3891373277693048,0.7012244392487722,7201.633116681549,5964.663768679107,1.0000325911428425,0.001180350861858798,0.0013161635240908805
bhmm::e_mu_obs[132],0.5086713654284867,0.09620792044787135,0.3720567418211331,0.673676507800167,7205.216104332528,5931.27716985942,1.0000620833386344,0.0011412807670023771,0.0012789497191112303
bhmm::e_mu_obs[133],0.48761503782594057,0.09301453619228678,0.3556016709692412,0.6468397051447179,7210.409657454596,6021.922153383305,1.0000607403566653,0.0011031949835503937,0.0012423545761923928
bhmm::e_mu_obs[134],0.4673698828566262,0.08990217648585754,0.33989159163142063,0.6216940775737202,7218.621823983171,5978.641234999253,1.0000433138902292,0.0010660930383011536,0.0012063995719677097
bhmm::e_mu_obs[135],0.4479098438635385,0.0868707582774691,0.32470173882734665,0.5969583859395413,7223.309254028062,5984.7217133317345,1.000035080520788,0.0010299721142593874,0.0011711033280485913
bhmm::e_mu_obs[136],0.42920923928131877,0.08392000757749696,0.3105427908646875,0.5733498357708208,7230.708799518429,5928.098733289895,1.000034620832493,0.0009948272520380757,0.0011364818127078372
bhmm::e_mu_obs[137],0.41124280586800854,0.08104947605608864,0.29677743053667693,0.5507945602338503,7236.578927798777,5956.21619000672,1.0000445386549044,0.0009606515388051811,0.0011025484084495431
bhmm::e_mu_obs[138],0.3939857316048344,0.07825855889974669,0.2835142521174062,0.5289401756999778,7239.911410804865,5968.140938463416,1.0000597537769398,0.0009274363174625246,0.0010693140748164376
bhmm::flu_mu_obs[0],41.20070168251818,57.15444652803087,15.548622500387626,116.6027396368019,3468.052866391254,1791.4854465943881,1.0017350577001034,1.550786470820656,3.189917951119257
bhmm::flu_mu_obs[1],52.8826927455592,58.80003337470683,20.8058744504953,161.53633265813428,3494.7707230239794,1791.4854465943881,1.0017352251289684,1.5760766750009096,2.8791838866863455
bhmm::flu_mu_obs[2],66.94031595822962,59.172492211699605,27.626965380231162,206.76093354855675,3525.1205344058017,1791.4854465943881,1.0016532600518429,1.534189497202413,2.4419798148012335
bhmm::flu_mu_obs[3],83.41489188456195,58.62391504092247,36.32998451350795,223.8135118939068,3635.8197726795624,1791.4854465943881,1.0015479686492819,1.4283109603962234,1.9304096082951894
bhmm::flu_mu_obs[4],101.96725447326048,57.304903250518315,47.19560569929967,235.77418911367351,3876.310465413174,1941.7904708977508,1.0012734286148504,1.2627411342489179,1.417395182513572
bhmm::flu_mu_obs[5],121.80878029142374,55.15976617975772,60.392048350866546,243.2534473737782,4279.237672239807,2406.4159597422918,1.0009853502014057,1.0515579470072696,0.9827882369592867
bhmm::flu_mu_obs[6],141.74213176755606,52.05803118908043,75.87800219214037,249.83625117877023,5094.9761359983695,3685.1022976544177,1.0006274103350425,0.8378651652333147,0.6783944987156113
bhmm::flu_mu_obs[7],160.32196227504346,47.99510881378075,93.3043124521955,251.5883618052057,6174.978425627066,4477.6870242814,1.0001313910808274,0.6427034169966083,0.49963865478818725
bhmm::flu_mu_obs[8],176.0991807983511,43.259021266116925,108.94833681593151,249.55528910694582,6203.586631906018,4872.168138163545,0.999952765311235,0.5435749358991552,0.43721889535846437
bhmm::flu_mu_obs[9],187.87617793188366,38.48284576907682,122.80887799469392,242.65527480369084,5136.865744312335,3735.1264400391046,1.0000112501948097,0.5567002052975492,0.561017747343929
bhmm::flu_mu_obs[10],194.8969537370795,34.52776815069845,134.22240450486396,233.79273966836095,4300.53162528186,2752.627111548128,1.0002757186125786,0.6469412840221892,0.8677120923136831
bhmm::flu_mu_obs[11],196.92620178162235,32.14518143318241,140.83854057383547,223.99704657229938,3547.099873071531,2155.146055583832,1.0005488796081574,0.7536681947826431,1.214040305402822
bhmm::flu_mu_obs[12],194.2153840250553,31.520136449809012,137.98502419931864,214.05703004413004,2802.2805208621403,1790.734440574054,1.0007652854330773,0.8412099682829567,1.4498192938300827
bhmm::flu_mu_obs[13],187.38835669705654,32.14084178160548,123.57613062405271,204.42510929097298,2251.916822450965,1694.4024658158228,1.0010676924053392,0.8951440766111445,1.5183162596689803
bhmm::mea_mu_obs[0],0.0010000000000000005,1.2555061157382141e-16,0.001,0.001,8000.0,8000.0,,4.8490025901942675e-21,0.0
bhmm::mea_mu_obs[1],0.09206635445689608,0.009157201671768707,0.07887747718304829,0.10758870127223123,8063.983483452068,4962.187128121114,1.0003925143977277,0.0001031459077327722,0.0001360673942940804
bhmm::mea_mu_obs[2],0.17328983321880856,0.01805081056635955,0.14744600431872473,0.20394228029846717,8063.983483452068,4962.187128121114,1.0003925143977277,0.00020348061032542862,0.0002705512750552295
bhmm::mea_mu_obs[3],0.2523111071104069,0.02818736554449849,0.21231198458232725,0.30029610272094615,8063.983483452068,4962.187128121114,1.0003925143977277,0.00031812057065767896,0.0004280928119450865
bhmm::mea_mu_obs[4],0.335750135052705,0.04081061683245092,0.2784487595932694,0.4054129200476862,8063.983483452068,4962.187128121114,1.0003925143977277,0.00046124178221334367,0.0006298613913219881
bhmm::mea_mu_obs[5],0.42910448329478107,0.05709260374275871,0.34984083207673083,0.5268128842000517,8063.983483452068,4962.187128121114,1.0003925143977277,0.0006500715050860995,0.0008967160896741352
bhmm::mea_mu_obs[6],0.537333465463274,0.0782456825994146,0.4299142387867913,0.6715525877439714,8063.983483452068,4962.187128121114,1.0003925143977277,0.0008945866019439488,0.0012509179613187222
bhmm::mea_mu_obs[7],0.6652300177574194,0.10557686657396279,0.521824077192477,0.846693128196112,8063.983483452068,4962.187128121114,1.0003925143977277,0.0012117816151283548,0.001716630423967197
bhmm::mea_mu_obs[8],0.8176345839905016,0.1404882033541701,0.6286423745989351,1.0595199155499428,8063.983483452068,4962.187128121114,1.0003925143977277,0.0016182090860667306,0.002319028124663511
bhmm::mea_mu_obs[9],0.9995131159519787,0.18441463911753758,0.7534712165027934,1.317523348548507,8063.983483452068,4962.187128121114,1.0003925143977277,0.0021306497530217826,0.003087815220512682
bhmm::mea_mu_obs[10],1.2158985043396686,0.23868287420378334,0.899493339875571,1.6281111193048814,8063.983483452068,4962.187128121114,1.0003925143977277,0.0027642337635799116,0.004029533872359297
bhmm::mea_mu_obs[11],1.4716794204289605,0.30427326694688794,1.069963278204948,1.9979994300984592,8063.983483452068,4962.187128121114,1.0003925143977277,0.003529322732208672,0.005150922040874756
bhmm::mea_mu_obs[12],1.7712140290389107,0.3814766720594078,1.2681354770681752,2.4322298300079477,8063.983483452068,4962.187128121114,1.0003925143977277,0.004427080744599507,0.00643127910902012
bhmm::mea_mu_obs[13],2.117752428262098,0.4694647496538725,1.4971214083196334,2.932795369350433,8063.983483452068,4962.187128121114,1.0003925143977277,0.005444054592367112,0.00780523120432462
bhmm::mea_mu_obs[14],2.5126765250983336,0.5658373633799496,1.7596660855750408,3.4969521183142205,8063.983483452068,4962.187128121114,1.0003925143977277,0.006546736269234935,0.00921637666766304
bhmm::mea_mu_obs[15],2.954613263310909,0.6662653244213635,2.057836485642557,4.115449369330329,8063.983483452068,4962.187128121114,1.0003925143977277,0.007677854799778573,0.01053946211112397
bhmm::mea_mu_obs[16],3.4385437898637536,0.7643878170315321,2.392621935313196,4.771114542023727,8063.983483452068,4962.187128121114,1.0003925143977277,0.00875666657293031,0.011648568201829804
bhmm::mea_mu_obs[17],3.9551020758783886,0.852120031460048,2.7634610843578544,5.438405179006625,8063.983483452068,4962.187128121114,1.0003925143977277,0.009685259116137254,0.012425332802206762
bhmm::mea_mu_obs[18],4.490302556673293,0.9204550094599743,3.167732304180213,6.084561731466047,8063.983483452068,4962.187128121114,1.0003925143977277,0.010382506269875847,0.012782130565386051
bhmm::mea_mu_obs[19],5.025921635072521,0.9607086145952649,3.6002729059774543,6.672722771049647,8063.983483452068,4962.187128121114,1.0003925143977277,0.010794033233678793,0.012679953936566256
bhmm::mea_mu_obs[20],5.540657256614169,0.9659970094802407,4.053022821272737,7.166761470214754,8062.8483381842425,4962.187128121114,1.0003898951246104,0.010810276901978987,0.012074809299056136
bhmm::mea_mu_obs[21],6.012010850816317,0.9326175548982921,4.514910220544231,7.536847546855065,8052.859381924983,4962.187128121114,1.00039794044594,0.01040114744304757,0.011118584388384284
bhmm::mea_mu_obs[22],6.418625553554664,0.8609926829023855,4.972096522421464,7.763597139039558,8045.689299234072,4962.187128121114,1.0004223520137652,0.00958491205985975,0.009948870964011014
bhmm::mea_mu_obs[23],6.742651661435525,0.7559681455648377,5.4086630560433395,7.839003489969752,8033.634070438085,4957.413590998906,1.0004154375726524,0.008429313466975525,0.008655393603172296
bhmm::mea_mu_obs[24],6.971666245444792,0.6265346227769243,5.807745965208722,7.765644954221132,7955.24402771077,5418.252467010707,1.0005077311422683,0.007047317113451206,0.007505316831312206
bhmm::mea_mu_obs[25],7.099774980908803,0.485511402671781,6.153018143594583,7.604851745932089,7994.708444746698,6089.186202900426,1.0006112327501988,0.005738574864591196,0.00665034613141672
bhmm::mea_mu_obs[26],7.127735037686368,0.35075447171357244,6.425195088219503,7.426459507719364,6517.651120753829,5721.642141794387,1.000218226268277,0.0047492528288200385,0.006082866507154654
bhmm::mea_mu_obs[27],7.0621784479205765,0.25139258685856253,6.568282096829231,7.247957262163803,4401.127859978939,4593.528777348148,1.0003341693030905,0.004197960638067009,0.0059371192465487626
bhmm::mea_mu_obs[28],6.914202124809442,0.22894396275576331,6.474943433444908,7.075988499292246,3948.103784932459,3530.8398192698783,1.0005639081708408,0.004115513925682788,0.006014856156435713
bhmm::mea_mu_obs[29],6.697673709353841,0.2800172184215043,6.153068437929616,6.909760279345343,5649.338887991674,4577.204963210338,1.000050001920006,0.004286818452516203,0.006043091657702813
bhmm::mea_mu_obs[30],6.427579703360506,0.35440917169443403,5.738637311667053,6.746368504215776,6860.404540958264,4824.946324058535,1.0002288019423453,0.0046922008189865996,0.005991000842851328
bhmm::mea_mu_obs[31],6.118648437534865,0.4235933685429366,5.319192208566302,6.582492202742002,7653.844502637833,4962.187128121114,1.0004159529732615,0.005227005266479734,0.006125205614455411
bhmm::mea_mu_obs[32],5.784362670795848,0.4783953031715456,4.912666698728325,6.3990755178115934,7900.357659920503,4962.187128121114,1.0003902309153965,0.005665430620813497,0.00630079042929737
bhmm::mea_mu_obs[33],5.43637328264942,0.5169269024637216,4.525165871857396,6.167263050536711,7963.709488906812,4962.187128121114,1.0003642152954941,0.0059244185830823306,0.006476566063113983
bhmm::mea_mu_obs[34],5.084256883811413,0.5400943037393825,4.159849781430956,5.891515166671846,8052.249856466783,4962.187128121114,1.0003815781697698,0.006086420194165762,0.0066202885471374024
bhmm::mea_mu_obs[35],4.735528323175653,0.5499201690592714,3.818215032548444,5.588806822688158,8069.096972307136,4962.187128121114,1.0003889231461682,0.006166147289967791,0.006705413538973776
bhmm::mea_mu_obs[36],4.395816139119791,0.5487863874503464,3.500612666098921,5.2704408344491585,8063.983483452072,4962.187128121114,1.0003925143977277,0.006133311961870123,0.00670635686423946
bhmm::mea_mu_obs[37],4.069122833942677,0.5390517216877271,3.206637279536979,4.945319709302704,8063.983483452072,4962.187128121114,1.0003925143977277,0.00601137737541458,0.006640947014204123
bhmm::mea_mu_obs[38],3.7581125382794007,0.5228594659905952,2.935407686883216,4.620640164560829,8063.983483452072,4962.187128121114,1.0003925143977277,0.0058221899321165005,0.0065147387689225185
bhmm::mea_mu_obs[39],3.4643889782762285,0.502053720195483,2.6857631010734324,4.3019683430068385,8063.983483452072,4962.187128121114,1.0003925143977277,0.005584843421152906,0.006336305945805617
bhmm::mea_mu_obs[40],3.1887433116902377,0.4781593902823214,2.4563967503698314,3.9934146579765364,8063.983483452072,4962.187128121114,1.0003925143977277,0.005315301933136677,0.006115539243910762
bhmm::mea_mu_obs[41],2.9313633152171303,0.4523979972259203,2.245944731544703,3.697854289702086,8063.983483452072,4962.187128121114,1.0003925143977277,0.005026458157146253,0.005862468310505024
bhmm::mea_mu_obs[42],2.69200297585184,0.4257214122553236,2.0530436103182685,3.4171556459418513,8063.983483452072,4962.187128121114,1.0003925143977277,0.004728420596968354,0.005586509739541887
bhmm::mea_mu_obs[43],2.470115744286857,0.398852339193227,1.876366599012445,3.1523938018144513,8063.983483452072,4962.187128121114,1.0003925143977277,0.004428899352477438,0.0052960413148539194
bhmm::mea_mu_obs[44],2.2649565961437914,0.37232495290649736,1.7146452600882602,2.904037239441822,8063.983483452072,4962.187128121114,1.0003925143977277,0.004133611862893749,0.004995218705038565
bhmm::mea_mu_obs[45],2.0756585027172587,0.34652217701911225,1.5666815533396992,2.672103888379854,8063.983483452072,4962.187128121114,1.0003925143977277,0.0038466649350018135,0.0046930982863696395
bhmm::mea_mu_obs[46],1.9012885798248347,0.32170804518470314,1.4313535234326678,2.4562871360206073,8063.983483452072,4962.187128121114,1.0003925143977277,0.003570892032867274,0.00439488466675729
bhmm::mea_mu_obs[47],1.7408884896300199,0.2980547638660064,1.3076168619158512,2.256054914623414,8063.983483452072,4962.187128121114,1.0003925143977277,0.003308138705667349,0.004104085516439824
bhmm::mea_mu_obs[48],1.593502873164155,0.27566474690713466,1.1945038492567064,2.0707259087115872,8063.983483452072,4962.187128121114,1.0003925143977277,0.003059497019423424,0.003823289512945816
bhmm::mea_mu_obs[49],1.4581988259191232,0.25458819670597516,1.0911206798841417,1.8995270683620074,8063.983483452072,4962.187128121114,1.0003925143977277,0.0028254938535836704,0.003554318178192971
bhmm::mea_mu_obs[50],1.3340787597004713,0.2348369137776082,0.9966438455305285,1.7416362487492756,8063.983483452072,4962.187128121114,1.0003925143977277,0.0026062395647010184,0.003298367643644668
bhmm::mea_mu_obs[51],1.2202884406730414,0.2163950055394104,0.9103160169187106,1.5962132548582695,8063.983483452072,4962.187128121114,1.0003925143977277,0.0024015437369787713,0.0030561347432186826
bhmm::mea_mu_obs[52],1.1160215512100289,0.19922710257818177,0.8314417132742423,1.4624219844439945,8063.983483452072,4962.187128121114,1.0003925143977277,0.0022110042773376866,0.002827925564994552
bhmm::mea_mu_obs[53],1.020521780097783,0.18328460108442088,0.7593829515813972,1.3394458493749957,8063.983483452072,4962.187128121114,1.0003925143977277,0.002034075278423184,0.002613746506423652
bhmm::mea_mu_obs[54],0.9330831822296022,0.1685103622813205,0.6935549920052673,1.22649814900061,8063.983483452072,4962.187128121114,1.0003925143977277,0.0018701182111486461,0.002413379152914958
bhmm::mea_mu_obs[55],0.8530493514638168,0.15484221654433492,0.6334222528209,1.1228287108614765,8063.983483452072,4962.187128121114,1.0003925143977277,0.001718440157348925,0.002226440852022333
bhmm::mea_mu_obs[56],0.7798118024022517,0.14221554830938493,0.578494437478019,1.0277277934308449,8063.983483452072,4962.187128121114,1.0003925143977277,0.0015783220474054926,0.0020524330285981913
bhmm::mea_mu_obs[57],0.7128078470445289,0.13056517863173542,0.5283228947351779,0.9405280040608208,8063.983483452072,4962.187128121114,1.0003925143977277,0.0014490392433205294,0.0018907792319363744
bhmm::mea_mu_obs[58],0.65151817173585,0.11982671391577887,0.48249722019157404,0.8606047972883525,8063.983483452072,4962.187128121114,1.0003925143977277,0.0013298762929642113,0.0017408547313216226
bhmm::mea_mu_obs[59],0.5954642604784501,0.10993749095126816,0.4406420984484169,0.7873759755151041,8063.983483452072,4962.187128121114,1.0003925143977277,0.0012201372698629929,0.0016020092496180577
bhmm::mea_mu_obs[60],0.5442057671733205,0.10083721807996976,0.4024143806407853,0.7203005054608066,8063.983483452072,4962.187128121114,1.0003925143977277,0.0011191527859622098,0.0014735841876637743
bhmm::mea_mu_obs[61],0.4973379080074131,0.09246838914191982,0.36750038482117936,0.658876881370956,8063.983483452072,4962.187128121114,1.0003925143977277,0.0010262845139254093,0.001354925473230022
bhmm::mea_mu_obs[62],0.4544889220555931,0.08477652868834905,0.33561340839937076,0.6026412025671665,8063.983483452072,4962.187128121114,1.0003925143977277,0.0009409278587112323,0.001245392951847877
bhmm::mea_mu_obs[63],0.41531763132127986,0.07771031253543802,0.30649144057513167,0.5511650908230086,8063.983483452072,4962.187128121114,1.0003925143977277,0.00086251326091477,0.0011443670721698618
bhmm::mea_mu_obs[64],0.37951112048234825,0.07122159758581131,0.27989506108975015,0.5040535356778674,8063.983483452072,4962.187128121114,1.0003925143977277,0.0007905065036637616,0.0010512534717630054
bhmm::mea_mu_obs[65],0.34678254624810045,0.06526538653085333,0.25560551099323814,0.46094273102896943,8063.983483452072,4962.187128121114,1.0003925143977277,0.0007244083043000386,0.0009654859444255039
bhmm::mea_mu_obs[66],0.3168690821001576,0.059799746610933506,0.2334229247743264,0.421497947409009,8063.983483452072,4962.187128121114,1.0003925143977277,0.0006637534014466723,0.0008865281629242597
bhmm::mea_mu_obs[67],0.28952999850033895,0.05478569686136877,0.213164711087445,0.3854114703487724,8063.983483452072,4962.187128121114,1.0003925143977277,0.0006081092961796195,0.0008138744672068471
bhmm::mea_mu_obs[68],0.264544876282987,0.05018707503235542,0.19466406771099007,0.3524006262998144,8063.983483452072,4962.187128121114,1.0003925143977277,0.0005570747700741263,0.0007470499517919755
bhmm::mea_mu_obs[69],0.241711949027043,0.04597039209636406,0.17776862329540677,0.3222059066990108,8063.983483452072,4962.187128121114,1.0003925143977277,0.0005102782675901568,0.0006856100314406006
bhmm::mea_mu_obs[70],0.22084656862565658,0.04210468031967758,0.16233919458249482,0.2945891955464522,8063.983483452072,4962.187128121114,1.0003925143977277,0.0004673762080560355,0.0006291396359251812
bhmm::mea_mu_obs[71],0.20177978782240594,0.03856133957890357,0.14824864881040567,0.26933210622524323,8063.983483452072,4962.187128121114,1.0003925143977277,0.00042805127883227155,0.0005772521465333696
bhmm::mea_mu_obs[72],0.18435705279946193,0.03531398495184532,0.13538086413357842,0.24623442599603015,8063.983483452072,4962.187128121114,1.0003925143977277,0.0003920107434047082,0.000531106433225732
bhmm::mea_mu_obs[73],0.16843699902405423,0.03233829781171879,0.1236297792294213,0.22511266656666865,8063.983483452072,4962.187128121114,1.0003925143977277,0.00035898478891111424,0.00048722579934473275
bhmm::mea_mu_obs[74],0.15389034329440787,0.029611882173810108,0.11289852322050709,0.20579871847153,8063.983483452072,4962.187128121114,1.0003925143977277,0.00032872493209395743,0.00044693274667095015
bhmm::mea_mu_obs[75],0.14059886536549537,0.027114127182683377,0.1030986211359908,0.1881386038228011,8063.983483452072,4962.187128121114,1.0003925143977277,0.0003010024937615302,0.00040994091896634667
bhmm::mea_mu_obs[76],0.1284544726207678,0.02482607639221342,0.09414926772325122,0.17199131988621288,8063.983483452072,4962.187128121114,1.0003925143977277,0.0002756071484729497,0.0003759855434864222
bhmm::mea_mu_obs[77],0.11735834156730368,0.022730304370909702,0.08597666343656839,0.15722777189270415,8063.983483452072,4962.187128121114,1.0003925143977277,0.00025234555546914004,0.00034482204513588033
bhmm::mea_mu_obs[78],0.10722013041485219,0.020810800658794336,0.07851340819979107,0.14372978824087254,8063.983483452072,4962.187128121114,1.0003925143977277,0.00023104007138051924,0.0003162247021685125
bhmm::mea_mu_obs[79],0.09795725707930115,0.019052860977814133,0.07169794741962311,0.13138921326517838,8063.983483452072,4962.187128121114,1.0003925143977277,0.00021152754352466626,0.00028998534883022266
bhmm::mea_mu_obs[80],0.08949423753788503,0.01744298564865329,0.06547406529291339,0.12010707337757466,8063.983483452072,4962.187128121114,1.0003925143977277,0.00019365818306236372,0.0002659121365901863
bhmm::mea_mu_obs[81],0.08176207964308072,0.015968784934500227,0.05979042229782,0.10979280868949567,8063.983483452072,4962.187128121114,1.0003925143977277,0.00017729451509278235,0.0002438283565965887
bhmm::mea_mu_obs[82],0.07469772803687139,0.014618891028973457,0.05460013266076992,0.10036356659197014,8063.983483452072,4962.187128121114,1.0003925143977277,0.00016231040226018847,0.00022357132935472637
bhmm::mea_mu_obs[83],0.06824355585987364,0.013382876498350734,0.049860378176335644,0.09174355316975323,8063.983483452072,4962.187128121114,1.0003925143977277,0.00014859013997964383,0.00020499136427515254
bhmm::mea_mu_obs[84],0.06234689957383172,0.012251178696532606,0.04553205566953196,0.08386343781113341,8063.983483452072,4962.187128121114,1.0003925143977277,0.0001360276180293067,0.0001879507789930154
bhmm::mea_mu_obs[85],0.05695963335075556,0.011215029862254831,0.041579455144353274,0.0766598071605869,8063.983483452072,4962.187128121114,1.0003925143977277,0.00012452554513354784,0.00017232298302624578
bhmm::n_attack_rate,0.14092843578303796,0.0336705381831908,0.09233629868740377,0.19727614352375294,2465.6051692653336,3770.487043395079,1.0009071860400809,0.0006926686527566474,0.0007061093021360042
