,mean,sd,r_hat,ess_bulk,ess_tail
bhmm::hyper_log_R0_mu,0.9375552676407122,0.37628011436238246,1.0018260730218647,1607.525360722039,2615.12811556907
bhmm::e_log_R0_raw,-0.3746758135513121,0.4778317372396814,1.001553570562337,1719.6756335618743,2647.3995734213704
bhmm::flu_log_R0_raw,0.13271426372483483,0.5159876741576769,1.0019238757778655,1766.10182847907,2508.8153733176755
bhmm::n_log_R0_raw,-1.1481385432141156,0.5686948816110738,1.001036919495423,2069.0113937996907,2620.420940215663
bhmm::mea_log_R0_raw,1.6422497342189053,0.6227195005688211,1.0012792398464696,2493.3491034041035,3058.407793604812
bhmm::log_intercept_e,-0.9978941874558301,0.08613274357888667,1.0003274831219684,7335.126956939949,5848.174764576548
bhmm::class_re[0],0.06990907605485427,0.38330936166220203,1.0003829235868018,3984.5006528706117,4475.481066567754
bhmm::class_re[1],-0.43675798782861835,0.5208066565446575,1.0004303674635124,5618.217056794863,4738.891475161704
bhmm::class_re[2],-1.1062088026385573,0.7354168608550449,1.0005901987431556,4834.93987280977,3924.011764095244
bhmm::class_re[3],0.1483549669222827,0.4931577332561291,1.000841844208427,4796.768506230093,4732.276264377338
bhmm::class_re[4],-0.344990981774525,0.5411352375345684,1.0000036134755634,5377.25997550587,4665.720789132947
bhmm::class_re[5],-0.48085554577633366,0.565475130729999,1.0005731246621932,5566.960939055506,4598.061470259549
bhmm::class_re[6],0.1821343287347385,0.4857428009023858,1.0003934402951613,5210.905883204182,4796.786121641086
bhmm::class_re[7],-0.15452861294146714,0.49331558406926723,1.0002823163535306,5193.798358599237,4748.4597561595265
bhmm::class_re[8],0.29463387290053017,0.45676681429679633,1.0004550176179283,5376.76006602057,5050.407673380108
bhmm::class_re[9],2.0166184230614705,0.5037621652471147,1.0001482266612738,3614.699586829966,4496.94215183219
bhmm::class_re[10],0.36203687641329474,0.4717679070093571,1.000774102404611,4930.960372951122,5279.304952209983
bhmm::class_re[11],-0.8257510259489715,0.6252657980520068,1.0007640208059543,6321.293852119521,4478.79506491485
bhmm::class_re[12],-0.3151397225260071,0.5329376877279889,1.001468182311559,5910.9986814263475,4958.507232268773
bhmm::class_re[13],-0.04718732988121491,0.5024876552991351,1.0018769533294667,5878.608609765193,5251.862868642908
bhmm::class_re[14],0.0010709180908100655,0.5565786455465302,1.0000710030680449,6160.217840249425,5017.631225348667
bhmm::hyper_log_R0_sd,0.7119295724206475,0.22207332520802378,1.0000462176623854,3515.1766445965113,3767.5985950752647
bhmm::e_alpha_nb,2.15965136542577,0.6252642739141397,1.0009316321508606,7258.436971016606,5726.746836887321
bhmm::flu_alpha_nb,0.921268061568033,0.3200685712699257,1.0006459254038078,5612.488735812737,4488.183787573009
bhmm::mea_alpha_nb,0.953767394243107,0.3179906721903271,1.000634442373715,7010.206470354879,5776.194828065905
bhmm::class_re_sd,0.8880383485321864,0.2518981268602375,1.000185894440915,2976.5986325643767,3892.694509971044
bhmm::e_log_R0,0.6597467882857925,0.016555328811567224,1.0006931139054984,7783.886690702197,5652.707914560962
bhmm::flu_log_R0,1.0480987881973225,0.2547119859483076,1.0017918063030915,3478.1743206260753,1791.4854465943881
bhmm::n_log_R0,0.07502176920517611,0.01966076424565707,1.0009071860400809,2465.6051692653336,3770.487043395079
bhmm::e_R0,1.93456751120154,0.032017786423403236,1.0006992170565483,7783.886690702197,5652.707914560962
bhmm::flu_R0,3.028196586383218,2.8231317221076218,1.0017918063030915,3478.1743206260753,1791.4854465943881
bhmm::n_R0,1.0781171775050986,0.021387101933894887,1.0009071860400809,2465.6051692653336,3770.487043395079
bhmm::mea_log_R0,2.1865987583200415,0.09627222070032665,1.0003925143977277,8063.983483452068,4962.187128121114
bhmm::mea_R0,8.94665844698202,0.8771206480849603,1.0003925143977277,8063.983483452068,4962.187128121114
bhmm::e_mu_obs[0],0.0010000000000000005,1.2555061157382141e-16,,8000.0,8000.0
bhmm::e_mu_obs[1],0.5463772652508863,0.06348858885524933,0.9999866821107177,7834.011076930467,6226.05596059851
bhmm::e_mu_obs[2],0.5733118507947628,0.06708769538579959,0.9999856745782248,7837.374589242306,6228.179907935624
bhmm::e_mu_obs[3],0.6014349062631746,0.07086428216834967,0.9999861098908304,7841.296677672877,6203.6494843727105
bhmm::e_mu_obs[4],0.6307841719500119,0.07482375589516298,0.9999852226857927,7849.650760320851,6171.719008106395
bhmm::e_mu_obs[5],0.6613969890436459,0.07897128230570105,0.9999846111134053,7854.43565444519,6232.4964842474865
bhmm::e_mu_obs[6],0.6933100833082967,0.08331172620512463,0.9999856737245615,7860.14970229374,6163.77909079619
bhmm::e_mu_obs[7],0.726559325594457,0.08784958273374607,0.9999853692520599,7863.567786449633,6159.193934960401
bhmm::e_mu_obs[8],0.7611794722067052,0.09258890460154451,0.9999853578297255,7867.129042336894,6159.193934960401
bhmm::e_mu_obs[9],0.7972038782746019,0.0975332232720288,0.999984904751742,7872.400645660198,6183.731089550452
bhmm::e_mu_obs[10],0.8346641859697441,0.10268546350497296,0.9999848616226741,7876.926747719868,6158.789103377376
bhmm::e_mu_obs[11],0.8735899911557574,0.10804785340602689,0.9999841291840803,7881.001133915726,6039.660601518384
bhmm::e_mu_obs[12],0.9140084790970099,0.11362182727425937,0.9999839629974061,7883.617496656772,5982.407230542496
bhmm::e_mu_obs[13],0.9559440381852337,0.1194079255851139,0.9999848472442225,7886.080699898939,5998.180462640709
bhmm::e_mu_obs[14],0.9994178474371574,0.125405688880523,0.9999839144703119,7887.455010549025,5986.422922039436
bhmm::e_mu_obs[15],1.0444474380602078,0.13161354945902645,0.9999821163629059,7889.207843845654,5964.007069613422
bhmm::e_mu_obs[16],1.0910462338774927,0.13802871773024059,0.9999814649332893,7890.94939536522,6002.500710151751
bhmm::e_mu_obs[17],1.1392230661385097,0.14464706973572822,0.999981399343848,7892.241056923604,6031.619656257048
bhmm::e_mu_obs[18],1.18898167237289,0.1514630354284083,0.9999818822109254,7893.9729212908915,6031.619656257048
bhmm::e_mu_obs[19],1.2403201776169483,0.15846948378774026,0.9999806210122776,7897.310945154608,6031.203581569061
bhmm::e_mu_obs[20],1.2932305592855755,0.16565761270775956,0.9999805173572932,7897.809771594232,6043.052358225083
bhmm::e_mu_obs[21],1.347698102805403,0.1730168483088376,0.9999802258634674,7898.148582476787,6031.441949801779
bhmm::e_mu_obs[22],1.4037008569988374,0.18053475148063158,0.9999802892030379,7899.151524102471,6031.757184393786
bhmm::e_mu_obs[23],1.461209089898433,0.18819692826606566,0.9999805792903552,7899.841923531058,6031.757184393786
bhmm::e_mu_obs[24],1.5201847449867365,0.19598695499671753,0.99998092265105,7899.775777378242,6031.260723980355
bhmm::e_mu_obs[25],1.5805809130680628,0.20388632778239213,0.9999804017499846,7899.854747081067,6031.260723980355
bhmm::e_mu_obs[26],1.6423413354631797,0.2118744289926576,0.9999808663596792,7899.3785002672585,6042.888327107668
bhmm::e_mu_obs[27],1.7053999381207472,0.21992850952653814,0.9999815384485108,7899.477449284737,6054.465439661892
bhmm::e_mu_obs[28],1.7696803956205784,0.22802369575666562,0.9999814388954389,7899.418209360194,6066.478271076494
bhmm::e_mu_obs[29],1.8350957405025488,0.23613303546079167,0.9999811434545538,7899.427726024461,6031.303636066904
bhmm::e_mu_obs[30],1.9015480502595663,0.24422757706204318,0.9999806179646468,7898.164715774294,6020.267377548195
bhmm::e_mu_obs[31],1.968928207129995,0.2522764749255985,0.999980605698733,7898.676596727973,6008.4793738874105
bhmm::e_mu_obs[32],2.0371157330495526,0.2602471349920353,0.9999802997742464,7897.327667917637,6020.36708252158
bhmm::e_mu_obs[33],2.1059787042377858,0.2681054002228125,0.9999795624826445,7896.785806267401,6017.210636390092
bhmm::e_mu_obs[34],2.175373772945774,0.27581578403815876,0.999979395644205,7894.812449024764,6001.315672790101
bhmm::e_mu_obs[35],2.2451463273641696,0.28334174005052193,0.9999786951064391,7892.106336619809,6044.710869364266
bhmm::e_mu_obs[36],2.315130760150343,0.29064597406966863,0.9999773509646039,7889.72095333586,6099.038597705071
bhmm::e_mu_obs[37],2.3851508647349053,0.2976907996685118,0.9999773840769101,7889.133988851112,6087.811199000311
bhmm::e_mu_obs[38],2.4550203549502267,0.3044385372159701,0.9999769295612585,7885.88368711108,6099.588761961375
bhmm::e_mu_obs[39],2.524543535899943,0.31085193984026105,0.9999772231972729,7880.0677336702765,6147.412022205657
bhmm::e_mu_obs[40],2.5935161366363273,0.31689465529843136,0.9999758164340752,7875.904532495246,6147.825193570905
bhmm::e_mu_obs[41],2.661726276675588,0.3225317175680951,0.9999755489861821,7870.911455527492,6231.146946878892
bhmm::e_mu_obs[42],2.7289555712370457,0.32773005978181147,0.9999766593465017,7867.1783827183635,6243.880812245297
bhmm::e_mu_obs[43],2.7949803662936192,0.3324590408815625,0.9999762983636665,7860.518935094668,6237.98901080411
bhmm::e_mu_obs[44],2.8595731102977258,0.33669096625015105,0.9999757740711831,7853.08854935321,6451.127320681123
bhmm::e_mu_obs[45],2.9225038544372164,0.3404016044466905,0.9999737990855547,7845.45626974358,6388.224091335943
bhmm::e_mu_obs[46],2.9835418564080873,0.343570692490519,0.9999740699720212,7838.512224414945,6507.528503449845
bhmm::e_mu_obs[47],3.0424572683193745,0.3461824148272419,0.999972884631479,7830.043430767137,6688.51094333919
bhmm::e_mu_obs[48],3.0990228903359807,0.34822584073694884,0.9999728690958848,7819.461514778758,6427.871278190717
bhmm::e_mu_obs[49],3.1530159751914817,0.34969530400922055,0.9999696548156931,7807.182704777825,6645.5325555115505
bhmm::e_mu_obs[50],3.20422006360329,0.3505907187686372,0.9999686747454436,7791.7512899232315,6589.368328514322
bhmm::e_mu_obs[51],3.2524268204465425,0.35091782405415806,0.9999673221761692,7777.232723871375,6723.157053034484
bhmm::e_mu_obs[52],3.297437842178274,0.3506883448413202,0.9999695176863712,7763.569182602208,6781.320392540447
bhmm::e_mu_obs[53],3.339066406689736,0.34992005495380246,0.9999682299880033,7745.926011083779,6766.736865305323
bhmm::e_mu_obs[54],3.3771391439912923,0.3486367279717835,0.9999723176040652,7730.455586291887,6796.146923320618
bhmm::e_mu_obs[55],3.4114976048815997,0.34686797326090796,0.9999752238949641,7712.323512695551,6728.427099811339
bhmm::e_mu_obs[56],3.4419997011162837,0.3446489535868379,0.9999777278026012,7691.806898608054,6733.108785046945
bhmm::e_mu_obs[57],3.4685209918287887,0.34201998123378313,0.9999788216098408,7671.222258749026,6716.612075185472
bhmm::e_mu_obs[58],3.49095579055677,0.33902598431080866,0.9999793055872975,7650.713835691077,6814.945673218417
bhmm::e_mu_obs[59],3.5092180796973067,0.3357158380602106,0.9999818985367557,7630.488574307326,6818.252230403569
bhmm::e_mu_obs[60],3.523242226763299,0.33214157202005024,0.9999806861600906,7614.7609532497,6699.755050633865
bhmm::e_mu_obs[61],3.5329834897449217,0.32835746820499767,0.9999802189054846,7593.936747672947,6473.584492135242
bhmm::e_mu_obs[62],3.538418294354221,0.32441905809573796,0.9999835035588075,7569.651362916273,6473.234339409843
bhmm::e_mu_obs[63],3.539544277859163,0.32038202352806017,0.9999844799753982,7545.017209865445,6482.097766848166
bhmm::e_mu_obs[64],3.536380118798743,0.31630103402823245,0.9999888437574301,7527.326025476258,6331.609194550928
bhmm::e_mu_obs[65],3.5289651707059457,0.31222857067824444,0.9999934524932387,7500.576466251135,6344.694829998033
bhmm::e_mu_obs[66],3.5173588654475667,0.3082137550368726,0.99999602100031,7479.765293356803,6177.848052356807
bhmm::e_mu_obs[67],3.5016398992682687,0.30430121218163964,1.0000003824322008,7453.435122481021,6033.625907046436
bhmm::e_mu_obs[68],3.4819053031187277,0.30053005273390754,1.0000040692563696,7429.89109774697,5966.046247736255
bhmm::e_mu_obs[69],3.4582693290438673,0.2969330044185388,1.0000584078361439,7408.511923620724,6057.397139981745
bhmm::e_mu_obs[70],3.4308621270058204,0.2935357155901293,1.0001139218883828,7390.631929579847,5944.147219886174
bhmm::e_mu_obs[71],3.399828437348493,0.2903563139123835,1.0000968156407233,7375.328917185294,5901.303282904855
bhmm::e_mu_obs[72],3.365326091099619,0.28740521213566067,1.0000376626733605,7363.641963223405,5890.707740516985
bhmm::e_mu_obs[73],3.3275244305560006,0.28468518033773116,1.0001808274487216,7348.2042391080495,5869.202938181212
bhmm::e_mu_obs[74],3.2866027880474418,0.28219169888891227,1.0002330190871265,7332.901422082747,5869.906335249535
bhmm::e_mu_obs[75],3.2427488329561083,0.2799135350027832,1.000264664457068,7320.658710980272,5870.03389303355
bhmm::e_mu_obs[76],3.196156929833564,0.2778335455629924,1.000323665727505,7316.102132632125,5874.1189217311185
bhmm::e_mu_obs[77],3.14702660068181,0.27592961745451433,1.0003113676036068,7311.430434142242,5941.368431897122
bhmm::e_mu_obs[78],3.095560912891301,0.274175727013397,1.0001691523219798,7305.066738596582,5874.433909369148
bhmm::e_mu_obs[79],3.041964999220265,0.272543021430865,1.000107904231618,7306.378471205348,5919.190207144461
bhmm::e_mu_obs[80],2.9864446291923468,0.2710009193933221,1.0000508534684045,7303.157333692715,6067.884209763429
bhmm::e_mu_obs[81],2.9292047817945916,0.2695181097985516,1.0000497921775535,7305.169765597046,6067.6396681356055
bhmm::e_mu_obs[82],2.870448505194927,0.2680635060557788,1.0000517496081862,7305.84907006707,6032.215837032202
bhmm::e_mu_obs[83],2.810375589564441,0.26660703521617607,1.0000556003079908,7312.31648019337,6057.343376151368
bhmm::e_mu_obs[84],2.7491817003488275,0.2651203329589081,1.000055128692719,7286.872034952272,6105.66869541579
bhmm::e_mu_obs[85],2.6870572188969,0.26357724150582723,1.0000558146739704,7237.311359706346,5904.1286839731165
bhmm::e_mu_obs[86],2.62418658330379,0.2619542523692989,1.0000555886181717,7187.692319470654,6128.579040253116
bhmm::e_mu_obs[87],2.560747455718685,0.2602307272146917,1.000060800275038,7141.050489339002,6069.808001873017
bhmm::e_mu_obs[88],2.4969101288877984,0.2583890803912485,1.0000584256368004,7104.17645909665,6049.873309960432
bhmm::e_mu_obs[89],2.4328370471889214,0.25641482321632303,1.0000573815094163,7070.387371779236,5928.747734256018
bhmm::e_mu_obs[90],2.368682355466707,0.25429651335516795,1.000057529744163,7051.646054142732,5715.374352236402
bhmm::e_mu_obs[91],2.304591624944269,0.25202568934331715,1.0000575804610894,7028.24418103757,5846.016058090867
bhmm::e_mu_obs[92],2.2407016205044363,0.24959668476366836,1.000056495763039,7003.947436036317,5932.369207096961
bhmm::e_mu_obs[93],2.177140178716544,0.24700645491466486,1.0000528678166747,6998.405808878462,5983.274202937049
bhmm::e_mu_obs[94],2.1140261547341415,0.2442543566821774,1.0000522775916647,6982.676855054477,6005.026797945441
bhmm::e_mu_obs[95],2.0514694416929773,0.2413419075494445,1.0000578311671433,6959.066575036919,5863.703527295139
bhmm::e_mu_obs[96],1.9895710609883674,0.23827254730329733,1.000056062059213,6967.792561219683,5841.168518797878
bhmm::e_mu_obs[97],1.9284233065534422,0.2350513943230577,1.0000544954568862,6973.688207760501,5738.276285227781
bhmm::e_mu_obs[98],1.8681099295922876,0.23168500340929413,1.0000514170126016,6987.815085499022,5833.630890082577
bhmm::e_mu_obs[99],1.808706385177111,0.22818113713312801,1.000064466649664,6992.304159212622,5686.641934231759
bhmm::e_mu_obs[100],1.7502801046705256,0.22454854783458267,1.0000474655882345,7001.292368245985,5750.017890087447
bhmm::e_mu_obs[101],1.6928907908769397,0.22079677060633618,1.0000593701959848,7010.571244252382,5766.533460588722
bhmm::e_mu_obs[102],1.636590754635511,0.21693593663326088,1.000067389944446,7025.318954876261,5933.570956679811
bhmm::e_mu_obs[103],1.5814252599045138,0.21297660119742792,1.0000465626662738,7046.401088273894,6153.489812146166
bhmm::e_mu_obs[104],1.5274328813154188,0.20892958528581154,1.0000468286893962,7062.531388730934,6098.836606093374
bhmm::e_mu_obs[105],1.4746458742028694,0.20480583950840361,1.0000593827109658,7079.237069923475,6262.988510560017
bhmm::e_mu_obs[106],1.4230905525977413,0.20061632038609628,1.0000779734703444,7098.285993552587,6268.650403909596
bhmm::e_mu_obs[107],1.3727876634272878,0.19637188316956025,1.000058664889679,7107.612305987918,6103.372056082033
bhmm::e_mu_obs[108],1.3237527572560417,0.19208318996159404,1.0000626374253,7115.924546128324,6097.313967595569
bhmm::e_mu_obs[109],1.275996562491865,0.18776063085806396,1.0000518169183807,7067.888041613812,6115.564572115131
bhmm::e_mu_obs[110],1.2295253467637755,0.1834142600907926,1.0000409046108052,7076.490003072942,6067.967647571324
bhmm::e_mu_obs[111],1.1843412667537359,0.17905374086117323,1.0000412636353608,7083.339216721884,6243.685892614369
bhmm::e_mu_obs[112],1.1404427121005773,0.1746883030551415,1.0000408750014125,7089.786795328159,6182.903697670427
bhmm::e_mu_obs[113],1.0978246373243006,0.17032671110933,1.0000407954815032,7097.363395554899,6164.249475216339
bhmm::e_mu_obs[114],1.056478875416852,0.1659772392623039,1.0000412274662087,7100.748550238356,6115.599352222192
bhmm::e_mu_obs[115],1.0163944391323725,0.16164765495056369,1.000039659642381,7107.2075078884545,6032.541302377501
bhmm::e_mu_obs[116],0.9775578123165628,0.1573452091818395,1.000037109438685,7112.819916039621,6094.585022073972
bhmm::e_mu_obs[117],0.9399532200730691,0.1530766340074521,1.0000384188239735,7120.282257754516,6115.79567874535
bhmm::e_mu_obs[118],0.9035628832677373,0.1488481431998525,1.0000383601133624,7126.724475531254,6096.679747466985
bhmm::e_mu_obs[119],0.8683672640442569,0.14466543753969247,1.0000358043097686,7134.357182850909,6036.778670310915
bhmm::e_mu_obs[120],0.8343452911530532,0.14053371648392424,1.0000355456102614,7137.235423186494,5991.233118186743
bhmm::e_mu_obs[121],0.8014745680478763,0.13645769000592883,1.0000357646530764,7146.400700196717,5985.1036247779675
bhmm::e_mu_obs[122],0.7697315727657419,0.13244159283707987,1.0000363738924494,7151.656142146926,5996.63343971842
bhmm::e_mu_obs[123],0.7390918401600939,0.1284892039144528,1.0000340714045248,7159.000907065966,6040.264313236975
bhmm::e_mu_obs[124],0.7095301268237276,0.12460386474759565,1.0000324306419164,7168.422111952172,6093.72697629211
bhmm::e_mu_obs[125],0.6810205691085486,0.12078849818201433,1.0000325853127185,7172.656011099418,6012.244042843507
bhmm::e_mu_obs[126],0.6535368257849986,0.11704563118676341,1.0000327886726093,7176.5454563283865,5882.530758839939
bhmm::e_mu_obs[127],0.627052204668328,0.11337741624751281,1.0000331060484342,7184.303977592925,5817.026212045535
bhmm::e_mu_obs[128],0.6015397842667338,0.1097856515077852,1.000033868116268,7188.0757958709155,5867.741284941052
bhmm::e_mu_obs[129],0.5769725213984355,0.10627180410922438,1.000034448736352,7190.4049530378215,5975.538746372432
bhmm::e_mu_obs[130],0.5533233453608295,0.10283703206124789,1.0000339198096995,7195.743498601345,5953.6064973177245
bhmm::e_mu_obs[131],0.5305652488307255,0.09948220380980667,1.0000325911428425,7201.633116681549,5964.663768679107
bhmm::e_mu_obs[132],0.5086713654284867,0.09620792044787135,1.0000620833386344,7205.216104332528,5931.27716985942
bhmm::e_mu_obs[133],0.48761503782594057,0.09301453619228678,1.0000607403566653,7210.409657454596,6021.922153383305
bhmm::e_mu_obs[134],0.4673698828566262,0.08990217648585754,1.0000433138902292,7218.621823983171,5978.641234999253
bhmm::e_mu_obs[135],0.4479098438635385,0.0868707582774691,1.000035080520788,7223.309254028062,5984.7217133317345
bhmm::e_mu_obs[136],0.42920923928131877,0.08392000757749696,1.000034620832493,7230.708799518429,5928.098733289895
bhmm::e_mu_obs[137],0.41124280586800854,0.08104947605608864,1.0000445386549044,7236.578927798777,5956.21619000672
bhmm::e_mu_obs[138],0.3939857316048344,0.07825855889974669,1.0000597537769398,7239.911410804865,5968.140938463416
bhmm::flu_mu_obs[0],41.20070168251818,57.15444652803087,1.0017350577001034,3468.052866391254,1791.4854465943881
bhmm::flu_mu_obs[1],52.8826927455592,58.80003337470683,1.0017352251289684,3494.7707230239794,1791.4854465943881
bhmm::flu_mu_obs[2],66.94031595822962,59.172492211699605,1.0016532600518429,3525.1205344058017,1791.4854465943881
bhmm::flu_mu_obs[3],83.41489188456195,58.62391504092247,1.0015479686492819,3635.8197726795624,1791.4854465943881
bhmm::flu_mu_obs[4],101.96725447326048,57.304903250518315,1.0012734286148504,3876.310465413174,1941.7904708977508
bhmm::flu_mu_obs[5],121.80878029142374,55.15976617975772,1.0009853502014057,4279.237672239807,2406.4159597422918
bhmm::flu_mu_obs[6],141.74213176755606,52.05803118908043,1.0006274103350425,5094.9761359983695,3685.1022976544177
bhmm::flu_mu_obs[7],160.32196227504346,47.99510881378075,1.0001313910808274,6174.978425627066,4477.6870242814
bhmm::flu_mu_obs[8],176.0991807983511,43.259021266116925,0.999952765311235,6203.586631906018,4872.168138163545
bhmm::flu_mu_obs[9],187.87617793188366,38.48284576907682,1.0000112501948097,5136.865744312335,3735.1264400391046
bhmm::flu_mu_obs[10],194.8969537370795,34.52776815069845,1.0002757186125786,4300.53162528186,2752.627111548128
bhmm::flu_mu_obs[11],196.92620178162235,32.14518143318241,1.0005488796081574,3547.099873071531,2155.146055583832
bhmm::flu_mu_obs[12],194.2153840250553,31.520136449809012,1.0007652854330773,2802.2805208621403,1790.734440574054
bhmm::flu_mu_obs[13],187.38835669705654,32.14084178160548,1.0010676924053392,2251.916822450965,1694.4024658158228
bhmm::mea_mu_obs[0],0.0010000000000000005,1.2555061157382141e-16,,8000.0,8000.0
bhmm::mea_mu_obs[1],0.09206635445689608,0.009157201671768707,1.0003925143977277,8063.983483452068,4962.187128121114
bhmm::mea_mu_obs[2],0.17328983321880856,0.01805081056635955,1.0003925143977277,8063.983483452068,4962.187128121114
bhmm::mea_mu_obs[3],0.2523111071104069,0.02818736554449849,1.0003925143977277,8063.983483452068,4962.187128121114
bhmm::mea_mu_obs[4],0.335750135052705,0.04081061683245092,1.0003925143977277,8063.983483452068,4962.187128121114
bhmm::mea_mu_obs[5],0.42910448329478107,0.05709260374275871,1.0003925143977277,8063.983483452068,4962.187128121114
bhmm::mea_mu_obs[6],0.537333465463274,0.0782456825994146,1.0003925143977277,8063.983483452068,4962.187128121114
bhmm::mea_mu_obs[7],0.6652300177574194,0.10557686657396279,1.0003925143977277,8063.983483452068,4962.187128121114
bhmm::mea_mu_obs[8],0.8176345839905016,0.1404882033541701,1.0003925143977277,8063.983483452068,4962.187128121114
bhmm::mea_mu_obs[9],0.9995131159519787,0.18441463911753758,1.0003925143977277,8063.983483452068,4962.187128121114
bhmm::mea_mu_obs[10],1.2158985043396686,0.23868287420378334,1.0003925143977277,8063.983483452068,4962.187128121114
bhmm::mea_mu_obs[11],1.4716794204289605,0.30427326694688794,1.0003925143977277,8063.983483452068,4962.187128121114
bhmm::mea_mu_obs[12],1.7712140290389107,0.3814766720594078,1.0003925143977277,8063.983483452068,4962.187128121114
bhmm::mea_mu_obs[13],2.117752428262098,0.4694647496538725,1.0003925143977277,8063.983483452068,4962.187128121114
bhmm::mea_mu_obs[14],2.5126765250983336,0.5658373633799496,1.0003925143977277,8063.983483452068,4962.187128121114
bhmm::mea_mu_obs[15],2.954613263310909,0.6662653244213635,1.0003925143977277,8063.983483452068,4962.187128121114
bhmm::mea_mu_obs[16],3.4385437898637536,0.7643878170315321,1.0003925143977277,8063.983483452068,4962.187128121114
bhmm::mea_mu_obs[17],3.9551020758783886,0.852120031460048,1.0003925143977277,8063.983483452068,4962.187128121114
bhmm::mea_mu_obs[18],4.490302556673293,0.9204550094599743,1.0003925143977277,8063.983483452068,4962.187128121114
bhmm::mea_mu_obs[19],5.025921635072521,0.9607086145952649,1.0003925143977277,8063.983483452068,4962.187128121114
bhmm::mea_mu_obs[20],5.540657256614169,0.9659970094802407,1.0003898951246104,8062.8483381842425,4962.187128121114
bhmm::mea_mu_obs[21],6.012010850816317,0.9326175548982921,1.00039794044594,8052.859381924983,4962.187128121114
bhmm::mea_mu_obs[22],6.418625553554664,0.8609926829023855,1.0004223520137652,8045.689299234072,4962.187128121114
bhmm::mea_mu_obs[23],6.742651661435525,0.7559681455648377,1.0004154375726524,8033.634070438085,4957.413590998906
bhmm::mea_mu_obs[24],6.971666245444792,0.6265346227769243,1.0005077311422683,7955.24402771077,5418.252467010707
bhmm::mea_mu_obs[25],7.099774980908803,0.485511402671781,1.0006112327501988,7994.708444746698,6089.186202900426
bhmm::mea_mu_obs[26],7.127735037686368,0.35075447171357244,1.000218226268277,6517.651120753829,5721.642141794387
bhmm::mea_mu_obs[27],7.0621784479205765,0.25139258685856253,1.0003341693030905,4401.127859978939,4593.528777348148
bhmm::mea_mu_obs[28],6.914202124809442,0.22894396275576331,1.0005639081708408,3948.103784932459,3530.8398192698783
bhmm::mea_mu_obs[29],6.697673709353841,0.2800172184215043,1.000050001920006,5649.338887991674,4577.204963210338
bhmm::mea_mu_obs[30],6.427579703360506,0.35440917169443403,1.0002288019423453,6860.404540958264,4824.946324058535
bhmm::mea_mu_obs[31],6.118648437534865,0.4235933685429366,1.0004159529732615,7653.844502637833,4962.187128121114
bhmm::mea_mu_obs[32],5.784362670795848,0.4783953031715456,1.0003902309153965,7900.357659920503,4962.187128121114
bhmm::mea_mu_obs[33],5.43637328264942,0.5169269024637216,1.0003642152954941,7963.709488906812,4962.187128121114
bhmm::mea_mu_obs[34],5.084256883811413,0.5400943037393825,1.0003815781697698,8052.249856466783,4962.187128121114
bhmm::mea_mu_obs[35],4.735528323175653,0.5499201690592714,1.0003889231461682,8069.096972307136,4962.187128121114
bhmm::mea_mu_obs[36],4.395816139119791,0.5487863874503464,1.0003925143977277,8063.983483452072,4962.187128121114
bhmm::mea_mu_obs[37],4.069122833942677,0.5390517216877271,1.0003925143977277,8063.983483452072,4962.187128121114
bhmm::mea_mu_obs[38],3.7581125382794007,0.5228594659905952,1.0003925143977277,8063.983483452072,4962.187128121114
bhmm::mea_mu_obs[39],3.4643889782762285,0.502053720195483,1.0003925143977277,8063.983483452072,4962.187128121114
bhmm::mea_mu_obs[40],3.1887433116902377,0.4781593902823214,1.0003925143977277,8063.983483452072,4962.187128121114
bhmm::mea_mu_obs[41],2.9313633152171303,0.4523979972259203,1.0003925143977277,8063.983483452072,4962.187128121114
bhmm::mea_mu_obs[42],2.69200297585184,0.4257214122553236,1.0003925143977277,8063.983483452072,4962.187128121114
bhmm::mea_mu_obs[43],2.470115744286857,0.398852339193227,1.0003925143977277,8063.983483452072,4962.187128121114
bhmm::mea_mu_obs[44],2.2649565961437914,0.37232495290649736,1.0003925143977277,8063.983483452072,4962.187128121114
bhmm::mea_mu_obs[45],2.0756585027172587,0.34652217701911225,1.0003925143977277,8063.983483452072,4962.187128121114
bhmm::mea_mu_obs[46],1.9012885798248347,0.32170804518470314,1.0003925143977277,8063.983483452072,4962.187128121114
bhmm::mea_mu_obs[47],1.7408884896300199,0.2980547638660064,1.0003925143977277,8063.983483452072,4962.187128121114
bhmm::mea_mu_obs[48],1.593502873164155,0.27566474690713466,1.0003925143977277,8063.983483452072,4962.187128121114
bhmm::mea_mu_obs[49],1.4581988259191232,0.25458819670597516,1.0003925143977277,8063.983483452072,4962.187128121114
bhmm::mea_mu_obs[50],1.3340787597004713,0.2348369137776082,1.0003925143977277,8063.983483452072,4962.187128121114
bhmm::mea_mu_obs[51],1.2202884406730414,0.2163950055394104,1.0003925143977277,8063.983483452072,4962.187128121114
bhmm::mea_mu_obs[52],1.1160215512100289,0.19922710257818177,1.0003925143977277,8063.983483452072,4962.187128121114
bhmm::mea_mu_obs[53],1.020521780097783,0.18328460108442088,1.0003925143977277,8063.983483452072,4962.187128121114
bhmm::mea_mu_obs[54],0.9330831822296022,0.1685103622813205,1.0003925143977277,8063.983483452072,4962.187128121114
bhmm::mea_mu_obs[55],0.8530493514638168,0.15484221654433492,1.0003925143977277,8063.983483452072,4962.187128121114
bhmm::mea_mu_obs[56],0.7798118024022517,0.14221554830938493,1.0003925143977277,8063.983483452072,4962.187128121114
bhmm::mea_mu_obs[57],0.7128078470445289,0.13056517863173542,1.0003925143977277,8063.983483452072,4962.187128121114
bhmm::mea_mu_obs[58],0.65151817173585,0.11982671391577887,1.0003925143977277,8063.983483452072,4962.187128121114
bhmm::mea_mu_obs[59],0.5954642604784501,0.10993749095126816,1.0003925143977277,8063.983483452072,4962.187128121114
bhmm::mea_mu_obs[60],0.5442057671733205,0.10083721807996976,1.0003925143977277,8063.983483452072,4962.187128121114
bhmm::mea_mu_obs[61],0.4973379080074131,0.09246838914191982,1.0003925143977277,8063.983483452072,4962.187128121114
bhmm::mea_mu_obs[62],0.4544889220555931,0.08477652868834905,1.0003925143977277,8063.983483452072,4962.187128121114
bhmm::mea_mu_obs[63],0.41531763132127986,0.07771031253543802,1.0003925143977277,8063.983483452072,4962.187128121114
bhmm::mea_mu_obs[64],0.37951112048234825,0.07122159758581131,1.0003925143977277,8063.983483452072,4962.187128121114
bhmm::mea_mu_obs[65],0.34678254624810045,0.06526538653085333,1.0003925143977277,8063.983483452072,4962.187128121114
bhmm::mea_mu_obs[66],0.3168690821001576,0.059799746610933506,1.0003925143977277,8063.983483452072,4962.187128121114
bhmm::mea_mu_obs[67],0.28952999850033895,0.05478569686136877,1.0003925143977277,8063.983483452072,4962.187128121114
bhmm::mea_mu_obs[68],0.264544876282987,0.05018707503235542,1.0003925143977277,8063.983483452072,4962.187128121114
bhmm::mea_mu_obs[69],0.241711949027043,0.04597039209636406,1.0003925143977277,8063.983483452072,4962.187128121114
bhmm::mea_mu_obs[70],0.22084656862565658,0.04210468031967758,1.0003925143977277,8063.983483452072,4962.187128121114
bhmm::mea_mu_obs[71],0.20177978782240594,0.03856133957890357,1.0003925143977277,8063.983483452072,4962.187128121114
bhmm::mea_mu_obs[72],0.18435705279946193,0.03531398495184532,1.0003925143977277,8063.983483452072,4962.187128121114
bhmm::mea_mu_obs[73],0.16843699902405423,0.03233829781171879,1.0003925143977277,8063.983483452072,4962.187128121114
bhmm::mea_mu_obs[74],0.15389034329440787,0.029611882173810108,1.0003925143977277,8063.983483452072,4962.187128121114
bhmm::mea_mu_obs[75],0.14059886536549537,0.027114127182683377,1.0003925143977277,8063.983483452072,4962.187128121114
bhmm::mea_mu_obs[76],0.1284544726207678,0.02482607639221342,1.0003925143977277,8063.983483452072,4962.187128121114
bhmm::mea_mu_obs[77],0.11735834156730368,0.022730304370909702,1.0003925143977277,8063.983483452072,4962.187128121114
bhmm::mea_mu_obs[78],0.10722013041485219,0.020810800658794336,1.0003925143977277,8063.983483452072,4962.187128121114
bhmm::mea_mu_obs[79],0.09795725707930115,0.019052860977814133,1.0003925143977277,8063.983483452072,4962.187128121114
bhmm::mea_mu_obs[80],0.08949423753788503,0.01744298564865329,1.0003925143977277,8063.983483452072,4962.187128121114
bhmm::mea_mu_obs[81],0.08176207964308072,0.015968784934500227,1.0003925143977277,8063.983483452072,4962.187128121114
bhmm::mea_mu_obs[82],0.07469772803687139,0.014618891028973457,1.0003925143977277,8063.983483452072,4962.187128121114
bhmm::mea_mu_obs[83],0.06824355585987364,0.013382876498350734,1.0003925143977277,8063.983483452072,4962.187128121114
bhmm::mea_mu_obs[84],0.06234689957383172,0.012251178696532606,1.0003925143977277,8063.983483452072,4962.187128121114
bhmm::mea_mu_obs[85],0.05695963335075556,0.011215029862254831,1.0003925143977277,8063.983483452072,4962.187128121114
bhmm::n_attack_rate,0.14092843578303796,0.0336705381831908,1.0009071860400809,2465.6051692653336,3770.487043395079
