chain,draw,tree_depth
0,0,11
0,1,10
0,2,10
0,3,11
0,4,10
0,5,11
0,6,11
0,7,11
0,8,11
0,9,10
0,10,10
0,11,10
0,12,11
0,13,10
0,14,11
0,15,10
0,16,10
0,17,11
0,18,10
0,19,11
0,20,11
0,21,10
0,22,10
0,23,11
0,24,11
0,25,11
0,26,11
0,27,11
0,28,10
0,29,10
0,30,11
0,31,10
0,32,11
0,33,10
0,34,10
0,35,11
0,36,11
0,37,11
0,38,11
0,39,10
0,40,10
0,41,10
0,42,10
0,43,10
0,44,10
0,45,10
0,46,10
0,47,10
0,48,11
0,49,11
0,50,11
0,51,11
0,52,10
0,53,11
0,54,10
0,55,10
0,56,11
0,57,11
0,58,11
0,59,11
0,60,11
0,61,10
0,62,10
0,63,11
0,64,10
0,65,10
0,66,11
0,67,10
0,68,10
0,69,10
0,70,11
0,71,11
0,72,12
0,73,10
0,74,10
0,75,10
0,76,11
0,77,10
0,78,10
0,79,10
0,80,10
0,81,11
0,82,10
0,83,10
0,84,10
0,85,10
0,86,11
0,87,11
0,88,10
0,89,10
0,90,11
0,91,10
0,92,11
0,93,12
0,94,12
0,95,10
0,96,10
0,97,12
0,98,10
0,99,11
0,100,11
0,101,10
0,102,10
0,103,11
0,104,11
0,105,11
0,106,10
0,107,10
0,108,11
0,109,10
0,110,11
0,111,11
0,112,10
0,113,12
0,114,10
0,115,10
0,116,11
0,117,11
0,118,11
0,119,11
0,120,11
0,121,11
0,122,10
0,123,11
0,124,11
0,125,10
0,126,11
0,127,11
0,128,10
0,129,10
0,130,10
0,131,11
0,132,11
0,133,10
0,134,10
0,135,11
0,136,11
0,137,11
0,138,10
0,139,10
0,140,10
0,141,10
0,142,10
0,143,11
0,144,11
0,145,10
0,146,10
0,147,11
0,148,11
0,149,11
0,150,11
0,151,11
0,152,11
0,153,11
0,154,10
0,155,10
0,156,10
0,157,10
0,158,10
0,159,10
0,160,11
0,161,10
0,162,10
0,163,11
0,164,11
0,165,10
0,166,11
0,167,11
0,168,10
0,169,11
0,170,11
0,171,11
0,172,11
0,173,10
0,174,10
0,175,10
0,176,11
0,177,11
0,178,11
0,179,10
0,180,12
0,181,11
0,182,11
0,183,10
0,184,11
0,185,10
0,186,11
0,187,12
0,188,10
0,189,10
0,190,11
0,191,11
0,192,10
0,193,10
0,194,11
0,195,10
0,196,11
0,197,11
0,198,10
0,199,10
0,200,11
0,201,11
0,202,10
0,203,11
0,204,10
0,205,10
0,206,11
0,207,10
0,208,11
0,209,11
0,210,11
0,211,10
0,212,11
0,213,11
0,214,11
0,215,11
0,216,11
0,217,10
0,218,11
0,219,11
0,220,10
0,221,11
0,222,10
0,223,10
0,224,10
0,225,10
0,226,10
0,227,10
0,228,10
0,229,11
0,230,10
0,231,11
0,232,11
0,233,11
0,234,11
0,235,10
0,236,10
0,237,10
0,238,11
0,239,10
0,240,11
0,241,11
0,242,11
0,243,11
0,244,11
0,245,11
0,246,10
0,247,11
0,248,11
0,249,10
0,250,10
0,251,10
0,252,11
0,253,11
0,254,10
0,255,11
0,256,11
0,257,11
0,258,11
0,259,10
0,260,10
0,261,10
0,262,11
0,263,11
0,264,11
0,265,11
0,266,11
0,267,10
0,268,11
0,269,11
0,270,11
0,271,10
0,272,10
0,273,10
0,274,10
0,275,10
0,276,11
0,277,10
0,278,10
0,279,11
0,280,10
0,281,10
0,282,11
0,283,11
0,284,11
0,285,11
0,286,10
0,287,11
0,288,10
0,289,11
0,290,11
0,291,10
0,292,11
0,293,10
0,294,10
0,295,10
0,296,11
0,297,10
0,298,11
0,299,10
0,300,11
0,301,11
0,302,10
0,303,10
0,304,11
0,305,11
0,306,11
0,307,11
0,308,11
0,309,11
0,310,10
0,311,12
0,312,10
0,313,11
0,314,11
0,315,10
0,316,10
0,317,10
0,318,11
0,319,11
0,320,10
0,321,11
0,322,11
0,323,11
0,324,11
0,325,11
0,326,10
0,327,11
0,328,11
0,329,12
0,330,10
0,331,10
0,332,11
0,333,10
0,334,10
0,335,11
0,336,11
0,337,11
0,338,11
0,339,11
0,340,10
0,341,10
0,342,11
0,343,11
0,344,10
0,345,10
0,346,10
0,347,11
0,348,11
0,349,11
0,350,11
0,351,11
0,352,11
0,353,11
0,354,10
0,355,10
0,356,10
0,357,11
0,358,10
0,359,11
0,360,11
0,361,11
0,362,11
0,363,11
0,364,11
0,365,11
0,366,12
0,367,11
0,368,10
0,369,10
0,370,11
0,371,10
0,372,11
0,373,10
0,374,10
0,375,10
0,376,11
0,377,11
0,378,10
0,379,11
0,380,10
0,381,10
0,382,10
0,383,11
0,384,11
0,385,11
0,386,10
0,387,10
0,388,11
0,389,11
0,390,11
0,391,10
0,392,10
0,393,10
0,394,11
0,395,10
0,396,11
0,397,10
0,398,10
0,399,11
0,400,10
0,401,10
0,402,11
0,403,11
0,404,11
0,405,11
0,406,10
0,407,10
0,408,11
0,409,10
0,410,11
0,411,11
0,412,11
0,413,12
0,414,12
0,415,11
0,416,11
0,417,11
0,418,11
0,419,11
0,420,11
0,421,11
0,422,11
0,423,11
0,424,10
0,425,10
0,426,10
0,427,11
0,428,11
0,429,10
0,430,11
0,431,10
0,432,10
0,433,10
0,434,11
0,435,11
0,436,11
0,437,10
0,438,10
0,439,11
0,440,11
0,441,11
0,442,11
0,443,11
0,444,11
0,445,11
0,446,10
0,447,11
0,448,11
0,449,11
0,450,10
0,451,11
0,452,10
0,453,10
0,454,10
0,455,11
0,456,11
0,457,11
0,458,12
0,459,11
0,460,11
0,461,11
0,462,10
0,463,10
0,464,11
0,465,11
0,466,10
0,467,11
0,468,10
0,469,10
0,470,11
0,471,10
0,472,10
0,473,10
0,474,11
0,475,10
0,476,11
0,477,11
0,478,11
0,479,11
0,480,11
0,481,11
0,482,11
0,483,10
0,484,10
0,485,10
0,486,10
0,487,10
0,488,10
0,489,11
0,490,11
0,491,11
0,492,10
0,493,10
0,494,10
0,495,11
0,496,10
0,497,10
0,498,11
0,499,10
0,500,11
0,501,12
0,502,11
0,503,10
0,504,11
0,505,10
0,506,10
0,507,11
0,508,11
0,509,11
0,510,11
0,511,11
0,512,11
0,513,10
0,514,10
0,515,10
0,516,10
0,517,11
0,518,10
0,519,11
0,520,10
0,521,10
0,522,11
0,523,11
0,524,10
0,525,11
0,526,10
0,527,11
0,528,11
0,529,10
0,530,10
0,531,11
0,532,11
0,533,10
0,534,10
0,535,11
0,536,11
0,537,10
0,538,10
0,539,10
0,540,10
0,541,10
0,542,10
0,543,11
0,544,10
0,545,10
0,546,11
0,547,11
0,548,10
0,549,11
0,550,10
0,551,10
0,552,10
0,553,10
0,554,11
0,555,11
0,556,11
0,557,10
0,558,10
0,559,10
0,560,10
0,561,11
0,562,10
0,563,11
0,564,11
0,565,10
0,566,11
0,567,10
0,568,10
0,569,10
0,570,10
0,571,10
0,572,11
0,573,11
0,574,10
0,575,10
0,576,10
0,577,10
0,578,10
0,579,10
0,580,10
0,581,11
0,582,11
0,583,10
0,584,10
0,585,10
0,586,10
0,587,11
0,588,10
0,589,10
0,590,10
0,591,11
0,592,11
0,593,11
0,594,10
0,595,10
0,596,11
0,597,10
0,598,11
0,599,10
0,600,10
0,601,10
0,602,11
0,603,10
0,604,11
0,605,10
0,606,10
0,607,11
0,608,11
0,609,11
0,610,11
0,611,10
0,612,11
0,613,10
0,614,11
0,615,11
0,616,11
0,617,11
0,618,10
0,619,11
0,620,10
0,621,10
0,622,11
0,623,10
0,624,10
0,625,11
0,626,11
0,627,11
0,628,11
0,629,11
0,630,11
0,631,11
0,632,10
0,633,11
0,634,11
0,635,11
0,636,11
0,637,10
0,638,10
0,639,10
0,640,10
0,641,10
0,642,11
0,643,10
0,644,10
0,645,11
0,646,11
0,647,10
0,648,10
0,649,11
0,650,11
0,651,11
0,652,10
0,653,11
0,654,11
0,655,11
0,656,11
0,657,11
0,658,10
0,659,11
0,660,10
0,661,10
0,662,10
0,663,10
0,664,11
0,665,11
0,666,11
0,667,11
0,668,10
0,669,10
0,670,10
0,671,11
0,672,10
0,673,11
0,674,11
0,675,10
0,676,11
0,677,10
0,678,11
0,679,10
0,680,8
0,681,11
0,682,10
0,683,10
0,684,10
0,685,10
0,686,10
0,687,10
0,688,10
0,689,10
0,690,11
0,691,11
0,692,11
0,693,11
0,694,10
0,695,11
0,696,11
0,697,10
0,698,10
0,699,11
0,700,10
0,701,10
0,702,10
0,703,10
0,704,10
0,705,10
0,706,11
0,707,11
0,708,11
0,709,11
0,710,11
0,711,11
0,712,10
0,713,11
0,714,11
0,715,10
0,716,12
0,717,10
0,718,10
0,719,10
0,720,10
0,721,11
0,722,10
0,723,11
0,724,11
0,725,11
0,726,11
0,727,11
0,728,10
0,729,10
0,730,10
0,731,11
0,732,11
0,733,11
0,734,11
0,735,11
0,736,11
0,737,11
0,738,11
0,739,11
0,740,10
0,741,11
0,742,10
0,743,11
0,744,10
0,745,10
0,746,10
0,747,10
0,748,11
0,749,10
0,750,10
0,751,10
0,752,10
0,753,11
0,754,11
0,755,11
0,756,11
0,757,11
0,758,11
0,759,11
0,760,11
0,761,10
0,762,10
0,763,11
0,764,11
0,765,10
0,766,11
0,767,11
0,768,11
0,769,11
0,770,11
0,771,11
0,772,11
0,773,11
0,774,11
0,775,10
0,776,11
0,777,11
0,778,10
0,779,10
0,780,11
0,781,11
0,782,10
0,783,10
0,784,11
0,785,11
0,786,10
0,787,10
0,788,11
0,789,11
0,790,10
0,791,10
0,792,11
0,793,11
0,794,11
0,795,11
0,796,10
0,797,10
0,798,11
0,799,10
0,800,11
0,801,10
0,802,11
0,803,11
0,804,10
0,805,10
0,806,10
0,807,10
0,808,10
0,809,11
0,810,11
0,811,10
0,812,11
0,813,11
0,814,10
0,815,11
0,816,11
0,817,11
0,818,11
0,819,11
0,820,11
0,821,11
0,822,10
0,823,11
0,824,10
0,825,11
0,826,11
0,827,10
0,828,10
0,829,10
0,830,12
0,831,10
0,832,10
0,833,10
0,834,11
0,835,11
0,836,11
0,837,10
0,838,11
0,839,10
0,840,10
0,841,10
0,842,11
0,843,10
0,844,10
0,845,10
0,846,11
0,847,10
0,848,11
0,849,11
0,850,11
0,851,11
0,852,10
0,853,10
0,854,10
0,855,11
0,856,11
0,857,11
0,858,11
0,859,11
0,860,11
0,861,11
0,862,10
0,863,11
0,864,11
0,865,11
0,866,11
0,867,11
0,868,11
0,869,10
0,870,11
0,871,11
0,872,11
0,873,10
0,874,10
0,875,10
0,876,11
0,877,11
0,878,10
0,879,11
0,880,10
0,881,11
0,882,10
0,883,10
0,884,11
0,885,10
0,886,11
0,887,10
0,888,11
0,889,11
0,890,10
0,891,10
0,892,11
0,893,11
0,894,11
0,895,11
0,896,10
0,897,10
0,898,11
0,899,11
0,900,10
0,901,11
0,902,11
0,903,10
0,904,11
0,905,10
0,906,10
0,907,11
0,908,10
0,909,11
0,910,11
0,911,11
0,912,11
0,913,10
0,914,11
0,915,11
0,916,10
0,917,11
0,918,10
0,919,11
0,920,11
0,921,11
0,922,11
0,923,11
0,924,11
0,925,10
0,926,11
0,927,10
0,928,10
0,929,11
0,930,11
0,931,11
0,932,11
0,933,10
0,934,11
0,935,10
0,936,11
0,937,10
0,938,11
0,939,11
0,940,10
0,941,10
0,942,10
0,943,10
0,944,11
0,945,10
0,946,10
0,947,11
0,948,10
0,949,11
0,950,10
0,951,11
0,952,11
0,953,11
0,954,10
0,955,10
0,956,11
0,957,10
0,958,11
0,959,11
0,960,10
0,961,10
0,962,11
0,963,11
0,964,12
0,965,11
0,966,11
0,967,11
0,968,10
0,969,11
0,970,11
0,971,11
0,972,10
0,973,10
0,974,10
0,975,11
0,976,11
0,977,10
0,978,10
0,979,10
0,980,10
0,981,10
0,982,10
0,983,10
0,984,10
0,985,11
0,986,10
0,987,11
0,988,10
0,989,11
0,990,10
0,991,10
0,992,10
0,993,10
0,994,11
0,995,11
0,996,11
0,997,10
0,998,10
0,999,10
0,1000,10
0,1001,10
0,1002,10
0,1003,11
0,1004,10
0,1005,11
0,1006,11
0,1007,10
0,1008,10
0,1009,10
0,1010,10
0,1011,10
0,1012,10
0,1013,10
0,1014,10
0,1015,11
0,1016,10
0,1017,10
0,1018,11
0,1019,10
0,1020,10
0,1021,10
0,1022,10
0,1023,10
0,1024,11
0,1025,11
0,1026,10
0,1027,11
0,1028,11
0,1029,10
0,1030,10
0,1031,10
0,1032,10
0,1033,10
0,1034,11
0,1035,11
0,1036,10
0,1037,11
0,1038,10
0,1039,10
0,1040,11
0,1041,11
0,1042,11
0,1043,11
0,1044,10
0,1045,11
0,1046,10
0,1047,10
0,1048,10
0,1049,11
0,1050,10
0,1051,12
0,1052,11
0,1053,10
0,1054,11
0,1055,11
0,1056,11
0,1057,11
0,1058,10
0,1059,10
0,1060,10
0,1061,11
0,1062,11
0,1063,11
0,1064,11
0,1065,11
0,1066,11
0,1067,11
0,1068,11
0,1069,11
0,1070,11
0,1071,11
0,1072,11
0,1073,11
0,1074,11
0,1075,11
0,1076,11
0,1077,11
0,1078,10
0,1079,11
0,1080,10
0,1081,10
0,1082,10
0,1083,10
0,1084,10
0,1085,10
0,1086,10
0,1087,10
0,1088,11
0,1089,11
0,1090,10
0,1091,10
0,1092,10
0,1093,10
0,1094,10
0,1095,11
0,1096,10
0,1097,11
0,1098,11
0,1099,10
0,1100,10
0,1101,11
0,1102,11
0,1103,10
0,1104,11
0,1105,11
0,1106,11
0,1107,10
0,1108,11
0,1109,10
0,1110,11
0,1111,11
0,1112,10
0,1113,11
0,1114,11
0,1115,10
0,1116,10
0,1117,11
0,1118,11
0,1119,10
0,1120,10
0,1121,11
0,1122,10
0,1123,10
0,1124,11
0,1125,11
0,1126,11
0,1127,10
0,1128,11
0,1129,10
0,1130,11
0,1131,11
0,1132,11
0,1133,11
0,1134,10
0,1135,11
0,1136,10
0,1137,11
0,1138,11
0,1139,11
0,1140,11
0,1141,11
0,1142,10
0,1143,10
0,1144,11
0,1145,10
0,1146,10
0,1147,10
0,1148,11
0,1149,11
0,1150,11
0,1151,11
0,1152,11
0,1153,11
0,1154,11
0,1155,10
0,1156,11
0,1157,11
0,1158,10
0,1159,10
0,1160,11
0,1161,11
0,1162,11
0,1163,11
0,1164,10
0,1165,11
0,1166,11
0,1167,10
0,1168,10
0,1169,11
0,1170,11
0,1171,11
0,1172,10
0,1173,10
0,1174,10
0,1175,10
0,1176,10
0,1177,11
0,1178,10
0,1179,10
0,1180,10
0,1181,10
0,1182,10
0,1183,11
0,1184,11
0,1185,10
0,1186,10
0,1187,10
0,1188,11
0,1189,10
0,1190,10
0,1191,11
0,1192,10
0,1193,11
0,1194,10
0,1195,10
0,1196,10
0,1197,10
0,1198,10
0,1199,10
0,1200,10
0,1201,11
0,1202,11
0,1203,11
0,1204,11
0,1205,10
0,1206,11
0,1207,10
0,1208,11
0,1209,11
0,1210,10
0,1211,10
0,1212,11
0,1213,11
0,1214,11
0,1215,10
0,1216,11
0,1217,11
0,1218,11
0,1219,11
0,1220,11
0,1221,11
0,1222,10
0,1223,10
0,1224,11
0,1225,11
0,1226,11
0,1227,10
0,1228,11
0,1229,11
0,1230,11
0,1231,10
0,1232,10
0,1233,10
0,1234,11
0,1235,10
0,1236,11
0,1237,11
0,1238,10
0,1239,10
0,1240,11
0,1241,10
0,1242,11
0,1243,11
0,1244,11
0,1245,11
0,1246,11
0,1247,11
0,1248,10
0,1249,11
0,1250,11
0,1251,11
0,1252,10
0,1253,11
0,1254,12
0,1255,11
0,1256,11
0,1257,10
0,1258,10
0,1259,11
0,1260,11
0,1261,10
0,1262,10
0,1263,10
0,1264,11
0,1265,11
0,1266,11
0,1267,10
0,1268,10
0,1269,11
0,1270,11
0,1271,11
0,1272,11
0,1273,10
0,1274,10
0,1275,11
0,1276,10
0,1277,11
0,1278,10
0,1279,11
0,1280,10
0,1281,10
0,1282,11
0,1283,10
0,1284,11
0,1285,11
0,1286,11
0,1287,10
0,1288,11
0,1289,10
0,1290,10
0,1291,10
0,1292,10
0,1293,10
0,1294,11
0,1295,11
0,1296,10
0,1297,11
0,1298,11
0,1299,11
0,1300,11
0,1301,11
0,1302,11
0,1303,10
0,1304,11
0,1305,10
0,1306,10
0,1307,11
0,1308,11
0,1309,11
0,1310,11
0,1311,11
0,1312,10
0,1313,10
0,1314,11
0,1315,11
0,1316,10
0,1317,10
0,1318,11
0,1319,10
0,1320,10
0,1321,11
0,1322,10
0,1323,10
0,1324,11
0,1325,11
0,1326,11
0,1327,11
0,1328,11
0,1329,10
0,1330,10
0,1331,11
0,1332,11
0,1333,11
0,1334,11
0,1335,10
0,1336,10
0,1337,11
0,1338,12
0,1339,11
0,1340,11
0,1341,11
0,1342,11
0,1343,10
0,1344,10
0,1345,10
0,1346,11
0,1347,11
0,1348,11
0,1349,11
0,1350,11
0,1351,11
0,1352,10
0,1353,11
0,1354,10
0,1355,10
0,1356,10
0,1357,11
0,1358,11
0,1359,12
0,1360,10
0,1361,11
0,1362,10
0,1363,10
0,1364,12
0,1365,11
0,1366,11
0,1367,11
0,1368,11
0,1369,10
0,1370,10
0,1371,11
0,1372,11
0,1373,11
0,1374,10
0,1375,11
0,1376,11
0,1377,11
0,1378,11
0,1379,11
0,1380,10
0,1381,11
0,1382,11
0,1383,10
0,1384,11
0,1385,11
0,1386,11
0,1387,10
0,1388,10
0,1389,10
0,1390,10
0,1391,11
0,1392,11
0,1393,11
0,1394,11
0,1395,10
0,1396,10
0,1397,12
0,1398,11
0,1399,11
0,1400,11
0,1401,11
0,1402,10
0,1403,11
0,1404,11
0,1405,11
0,1406,10
0,1407,10
0,1408,10
0,1409,11
0,1410,10
0,1411,10
0,1412,10
0,1413,10
0,1414,10
0,1415,10
0,1416,11
0,1417,11
0,1418,11
0,1419,10
0,1420,10
0,1421,11
0,1422,11
0,1423,10
0,1424,10
0,1425,10
0,1426,10
0,1427,11
0,1428,11
0,1429,11
0,1430,11
0,1431,10
0,1432,11
0,1433,10
0,1434,10
0,1435,10
0,1436,11
0,1437,10
0,1438,10
0,1439,10
0,1440,10
0,1441,11
0,1442,11
0,1443,11
0,1444,11
0,1445,11
0,1446,10
0,1447,11
0,1448,10
0,1449,10
0,1450,11
0,1451,11
0,1452,10
0,1453,10
0,1454,11
0,1455,10
0,1456,11
0,1457,11
0,1458,11
0,1459,11
0,1460,11
0,1461,11
0,1462,11
0,1463,11
0,1464,10
0,1465,10
0,1466,11
0,1467,10
0,1468,11
0,1469,10
0,1470,10
0,1471,11
0,1472,11
0,1473,11
0,1474,12
0,1475,10
0,1476,10
0,1477,10
0,1478,10
0,1479,11
0,1480,10
0,1481,10
0,1482,10
0,1483,10
0,1484,10
0,1485,10
0,1486,11
0,1487,11
0,1488,10
0,1489,11
0,1490,11
0,1491,11
0,1492,11
0,1493,11
0,1494,11
0,1495,11
0,1496,10
0,1497,11
0,1498,11
0,1499,11
0,1500,10
0,1501,11
0,1502,11
0,1503,11
0,1504,11
0,1505,10
0,1506,12
0,1507,10
0,1508,10
0,1509,11
0,1510,11
0,1511,11
0,1512,10
0,1513,11
0,1514,11
0,1515,10
0,1516,11
0,1517,10
0,1518,10
0,1519,11
0,1520,10
0,1521,11
0,1522,10
0,1523,11
0,1524,11
0,1525,11
0,1526,10
0,1527,11
0,1528,10
0,1529,10
0,1530,10
0,1531,10
0,1532,11
0,1533,11
0,1534,11
0,1535,11
0,1536,11
0,1537,11
0,1538,11
0,1539,11
0,1540,11
0,1541,11
0,1542,11
0,1543,10
0,1544,11
0,1545,10
0,1546,11
0,1547,11
0,1548,11
0,1549,11
0,1550,10
0,1551,11
0,1552,11
0,1553,11
0,1554,10
0,1555,10
0,1556,10
0,1557,11
0,1558,10
0,1559,10
0,1560,10
0,1561,10
0,1562,10
0,1563,10
0,1564,11
0,1565,11
0,1566,11
0,1567,11
0,1568,11
0,1569,11
0,1570,11
0,1571,11
0,1572,11
0,1573,10
0,1574,11
0,1575,10
0,1576,12
0,1577,11
0,1578,10
0,1579,12
0,1580,11
0,1581,11
0,1582,10
0,1583,12
0,1584,10
0,1585,10
0,1586,11
0,1587,11
0,1588,11
0,1589,11
0,1590,11
0,1591,10
0,1592,9
0,1593,10
0,1594,10
0,1595,11
0,1596,10
0,1597,11
0,1598,10
0,1599,10
0,1600,11
0,1601,11
0,1602,10
0,1603,10
0,1604,10
0,1605,10
0,1606,10
0,1607,11
0,1608,11
0,1609,10
0,1610,10
0,1611,10
0,1612,10
0,1613,10
0,1614,11
0,1615,10
0,1616,10
0,1617,10
0,1618,10
0,1619,10
0,1620,10
0,1621,11
0,1622,12
0,1623,11
0,1624,11
0,1625,10
0,1626,11
0,1627,11
0,1628,10
0,1629,10
0,1630,10
0,1631,10
0,1632,11
0,1633,10
0,1634,11
0,1635,11
0,1636,10
0,1637,10
0,1638,10
0,1639,11
0,1640,11
0,1641,10
0,1642,11
0,1643,10
0,1644,10
0,1645,10
0,1646,11
0,1647,10
0,1648,11
0,1649,11
0,1650,11
0,1651,11
0,1652,10
0,1653,11
0,1654,11
0,1655,10
0,1656,10
0,1657,10
0,1658,11
0,1659,10
0,1660,10
0,1661,10
0,1662,10
0,1663,11
0,1664,11
0,1665,11
0,1666,11
0,1667,10
0,1668,11
0,1669,11
0,1670,10
0,1671,11
0,1672,10
0,1673,11
0,1674,10
0,1675,10
0,1676,11
0,1677,11
0,1678,11
0,1679,11
0,1680,11
0,1681,11
0,1682,11
0,1683,10
0,1684,11
0,1685,10
0,1686,10
0,1687,10
0,1688,10
0,1689,10
0,1690,10
0,1691,11
0,1692,10
0,1693,11
0,1694,10
0,1695,11
0,1696,10
0,1697,11
0,1698,10
0,1699,10
0,1700,11
0,1701,10
0,1702,11
0,1703,11
0,1704,11
0,1705,10
0,1706,10
0,1707,10
0,1708,11
0,1709,11
0,1710,10
0,1711,10
0,1712,11
0,1713,11
0,1714,11
0,1715,11
0,1716,12
0,1717,11
0,1718,11
0,1719,11
0,1720,10
0,1721,10
0,1722,10
0,1723,10
0,1724,11
0,1725,11
0,1726,10
0,1727,11
0,1728,11
0,1729,11
0,1730,10
0,1731,11
0,1732,10
0,1733,10
0,1734,11
0,1735,10
0,1736,10
0,1737,11
0,1738,10
0,1739,11
0,1740,10
0,1741,11
0,1742,11
0,1743,10
0,1744,11
0,1745,10
0,1746,11
0,1747,10
0,1748,11
0,1749,10
0,1750,10
0,1751,10
0,1752,11
0,1753,11
0,1754,10
0,1755,10
0,1756,11
0,1757,11
0,1758,11
0,1759,10
0,1760,11
0,1761,11
0,1762,11
0,1763,11
0,1764,11
0,1765,11
0,1766,11
0,1767,11
0,1768,11
0,1769,11
0,1770,11
0,1771,10
0,1772,11
0,1773,11
0,1774,10
0,1775,10
0,1776,10
0,1777,10
0,1778,10
0,1779,11
0,1780,11
0,1781,11
0,1782,11
0,1783,11
0,1784,11
0,1785,10
0,1786,11
0,1787,10
0,1788,11
0,1789,11
0,1790,11
0,1791,10
0,1792,11
0,1793,10
0,1794,12
0,1795,12
0,1796,11
0,1797,11
0,1798,12
0,1799,11
0,1800,11
0,1801,10
0,1802,10
0,1803,10
0,1804,10
0,1805,10
0,1806,11
0,1807,10
0,1808,11
0,1809,10
0,1810,11
0,1811,11
0,1812,11
0,1813,11
0,1814,11
0,1815,11
0,1816,10
0,1817,10
0,1818,11
0,1819,11
0,1820,10
0,1821,10
0,1822,10
0,1823,11
0,1824,10
0,1825,11
0,1826,10
0,1827,10
0,1828,10
0,1829,11
0,1830,10
0,1831,10
0,1832,11
0,1833,10
0,1834,11
0,1835,10
0,1836,10
0,1837,10
0,1838,11
0,1839,10
0,1840,10
0,1841,10
0,1842,10
0,1843,10
0,1844,11
0,1845,11
0,1846,10
0,1847,11
0,1848,10
0,1849,11
0,1850,10
0,1851,10
0,1852,11
0,1853,9
0,1854,10
0,1855,10
0,1856,10
0,1857,10
0,1858,10
0,1859,10
0,1860,11
0,1861,11
0,1862,10
0,1863,10
0,1864,11
0,1865,10
0,1866,10
0,1867,11
0,1868,10
0,1869,10
0,1870,11
0,1871,10
0,1872,11
0,1873,11
0,1874,10
0,1875,11
0,1876,11
0,1877,11
0,1878,11
0,1879,11
0,1880,10
0,1881,10
0,1882,10
0,1883,10
0,1884,11
0,1885,11
0,1886,10
0,1887,11
0,1888,11
0,1889,11
0,1890,10
0,1891,11
0,1892,11
0,1893,10
0,1894,11
0,1895,10
0,1896,10
0,1897,10
0,1898,11
0,1899,11
0,1900,11
0,1901,10
0,1902,11
0,1903,11
0,1904,10
0,1905,11
0,1906,11
0,1907,11
0,1908,10
0,1909,10
0,1910,11
0,1911,10
0,1912,11
0,1913,10
0,1914,11
0,1915,11
0,1916,10
0,1917,10
0,1918,11
0,1919,10
0,1920,11
0,1921,11
0,1922,11
0,1923,10
0,1924,11
0,1925,11
0,1926,10
0,1927,11
0,1928,10
0,1929,10
0,1930,11
0,1931,10
0,1932,11
0,1933,11
0,1934,10
0,1935,10
0,1936,10
0,1937,10
0,1938,10
0,1939,10
0,1940,11
0,1941,10
0,1942,10
0,1943,11
0,1944,10
0,1945,10
0,1946,10
0,1947,11
0,1948,11
0,1949,11
0,1950,11
0,1951,10
0,1952,11
0,1953,11
0,1954,11
0,1955,10
0,1956,11
0,1957,11
0,1958,10
0,1959,10
0,1960,10
0,1961,10
0,1962,11
0,1963,11
0,1964,11
0,1965,11
0,1966,11
0,1967,10
0,1968,11
0,1969,11
0,1970,10
0,1971,11
0,1972,11
0,1973,11
0,1974,11
0,1975,11
0,1976,11
0,1977,11
0,1978,11
0,1979,10
0,1980,11
0,1981,11
0,1982,10
0,1983,10
0,1984,10
0,1985,11
0,1986,11
0,1987,11
0,1988,11
0,1989,11
0,1990,11
0,1991,10
0,1992,11
0,1993,11
0,1994,11
0,1995,10
0,1996,10
0,1997,11
0,1998,12
0,1999,10
1,0,11
1,1,11
1,2,11
1,3,10
1,4,10
1,5,10
1,6,10
1,7,10
1,8,11
1,9,11
1,10,11
1,11,11
1,12,11
1,13,10
1,14,11
1,15,11
1,16,10
1,17,11
1,18,11
1,19,11
1,20,11
1,21,11
1,22,10
1,23,11
1,24,10
1,25,10
1,26,11
1,27,11
1,28,10
1,29,10
1,30,11
1,31,11
1,32,11
1,33,11
1,34,10
1,35,10
1,36,11
1,37,10
1,38,10
1,39,11
1,40,11
1,41,11
1,42,10
1,43,10
1,44,11
1,45,10
1,46,10
1,47,11
1,48,11
1,49,11
1,50,10
1,51,11
1,52,11
1,53,11
1,54,10
1,55,11
1,56,12
1,57,10
1,58,10
1,59,10
1,60,10
1,61,10
1,62,11
1,63,11
1,64,10
1,65,11
1,66,11
1,67,10
1,68,11
1,69,11
1,70,10
1,71,11
1,72,10
1,73,10
1,74,10
1,75,11
1,76,11
1,77,10
1,78,11
1,79,11
1,80,10
1,81,10
1,82,10
1,83,11
1,84,11
1,85,11
1,86,11
1,87,11
1,88,11
1,89,10
1,90,11
1,91,11
1,92,11
1,93,10
1,94,10
1,95,10
1,96,10
1,97,10
1,98,11
1,99,10
1,100,11
1,101,11
1,102,10
1,103,11
1,104,10
1,105,11
1,106,10
1,107,10
1,108,11
1,109,11
1,110,11
1,111,11
1,112,11
1,113,10
1,114,10
1,115,11
1,116,11
1,117,11
1,118,11
1,119,10
1,120,10
1,121,12
1,122,10
1,123,10
1,124,10
1,125,10
1,126,10
1,127,10
1,128,11
1,129,10
1,130,11
1,131,11
1,132,10
1,133,11
1,134,11
1,135,11
1,136,11
1,137,11
1,138,11
1,139,10
1,140,10
1,141,10
1,142,11
1,143,10
1,144,10
1,145,11
1,146,10
1,147,10
1,148,10
1,149,11
1,150,10
1,151,10
1,152,11
1,153,10
1,154,10
1,155,10
1,156,10
1,157,10
1,158,10
1,159,11
1,160,10
1,161,11
1,162,10
1,163,11
1,164,10
1,165,10
1,166,11
1,167,10
1,168,10
1,169,10
1,170,10
1,171,10
1,172,11
1,173,11
1,174,11
1,175,10
1,176,10
1,177,11
1,178,11
1,179,11
1,180,11
1,181,11
1,182,11
1,183,10
1,184,10
1,185,11
1,186,10
1,187,11
1,188,11
1,189,10
1,190,10
1,191,10
1,192,10
1,193,10
1,194,11
1,195,11
1,196,11
1,197,10
1,198,10
1,199,11
1,200,10
1,201,10
1,202,10
1,203,12
1,204,10
1,205,11
1,206,10
1,207,10
1,208,11
1,209,10
1,210,10
1,211,10
1,212,11
1,213,10
1,214,10
1,215,11
1,216,10
1,217,11
1,218,11
1,219,10
1,220,11
1,221,11
1,222,10
1,223,11
1,224,12
1,225,11
1,226,11
1,227,11
1,228,10
1,229,10
1,230,11
1,231,10
1,232,10
1,233,11
1,234,11
1,235,11
1,236,10
1,237,11
1,238,10
1,239,10
1,240,12
1,241,11
1,242,11
1,243,11
1,244,11
1,245,10
1,246,11
1,247,11
1,248,10
1,249,10
1,250,11
1,251,11
1,252,10
1,253,11
1,254,10
1,255,10
1,256,11
1,257,10
1,258,11
1,259,10
1,260,11
1,261,10
1,262,10
1,263,11
1,264,10
1,265,10
1,266,10
1,267,11
1,268,11
1,269,11
1,270,11
1,271,10
1,272,11
1,273,10
1,274,10
1,275,11
1,276,11
1,277,11
1,278,10
1,279,10
1,280,10
1,281,11
1,282,10
1,283,11
1,284,11
1,285,11
1,286,10
1,287,11
1,288,10
1,289,10
1,290,10
1,291,10
1,292,10
1,293,11
1,294,10
1,295,11
1,296,11
1,297,11
1,298,10
1,299,10
1,300,10
1,301,11
1,302,11
1,303,10
1,304,10
1,305,11
1,306,11
1,307,11
1,308,11
1,309,11
1,310,10
1,311,10
1,312,10
1,313,11
1,314,10
1,315,10
1,316,11
1,317,11
1,318,10
1,319,10
1,320,11
1,321,10
1,322,11
1,323,10
1,324,11
1,325,10
1,326,11
1,327,11
1,328,11
1,329,10
1,330,10
1,331,10
1,332,10
1,333,10
1,334,10
1,335,10
1,336,11
1,337,10
1,338,11
1,339,10
1,340,11
1,341,11
1,342,10
1,343,10
1,344,11
1,345,10
1,346,10
1,347,11
1,348,10
1,349,11
1,350,11
1,351,11
1,352,10
1,353,11
1,354,11
1,355,10
1,356,11
1,357,11
1,358,10
1,359,10
1,360,11
1,361,10
1,362,10
1,363,10
1,364,10
1,365,10
1,366,11
1,367,11
1,368,11
1,369,11
1,370,10
1,371,10
1,372,10
1,373,11
1,374,11
1,375,11
1,376,10
1,377,11
1,378,11
1,379,10
1,380,11
1,381,11
1,382,11
1,383,10
1,384,10
1,385,11
1,386,10
1,387,10
1,388,10
1,389,11
1,390,10
1,391,11
1,392,11
1,393,10
1,394,11
1,395,10
1,396,10
1,397,11
1,398,10
1,399,10
1,400,10
1,401,10
1,402,10
1,403,10
1,404,11
1,405,11
1,406,11
1,407,11
1,408,11
1,409,10
1,410,10
1,411,10
1,412,10
1,413,11
1,414,10
1,415,12
1,416,11
1,417,11
1,418,11
1,419,10
1,420,11
1,421,10
1,422,11
1,423,10
1,424,10
1,425,10
1,426,10
1,427,10
1,428,11
1,429,11
1,430,11
1,431,10
1,432,10
1,433,11
1,434,11
1,435,10
1,436,10
1,437,10
1,438,10
1,439,10
1,440,10
1,441,11
1,442,10
1,443,11
1,444,10
1,445,10
1,446,11
1,447,11
1,448,10
1,449,11
1,450,10
1,451,10
1,452,10
1,453,11
1,454,11
1,455,11
1,456,10
1,457,10
1,458,10
1,459,10
1,460,10
1,461,10
1,462,11
1,463,10
1,464,11
1,465,10
1,466,10
1,467,11
1,468,10
1,469,10
1,470,11
1,471,11
1,472,10
1,473,10
1,474,11
1,475,11
1,476,10
1,477,10
1,478,11
1,479,10
1,480,11
1,481,11
1,482,10
1,483,10
1,484,11
1,485,10
1,486,10
1,487,10
1,488,11
1,489,11
1,490,11
1,491,11
1,492,10
1,493,10
1,494,10
1,495,10
1,496,10
1,497,11
1,498,10
1,499,11
1,500,10
1,501,10
1,502,10
1,503,11
1,504,11
1,505,11
1,506,10
1,507,12
1,508,10
1,509,10
1,510,11
1,511,10
1,512,11
1,513,10
1,514,10
1,515,10
1,516,11
1,517,10
1,518,11
1,519,11
1,520,11
1,521,11
1,522,10
1,523,10
1,524,11
1,525,11
1,526,11
1,527,11
1,528,11
1,529,11
1,530,10
1,531,11
1,532,12
1,533,10
1,534,10
1,535,10
1,536,10
1,537,11
1,538,11
1,539,10
1,540,11
1,541,11
1,542,10
1,543,10
1,544,10
1,545,10
1,546,10
1,547,10
1,548,10
1,549,11
1,550,10
1,551,10
1,552,11
1,553,10
1,554,11
1,555,10
1,556,11
1,557,11
1,558,10
1,559,10
1,560,10
1,561,10
1,562,10
1,563,10
1,564,10
1,565,10
1,566,11
1,567,11
1,568,10
1,569,10
1,570,10
1,571,10
1,572,10
1,573,10
1,574,11
1,575,11
1,576,11
1,577,11
1,578,11
1,579,10
1,580,11
1,581,10
1,582,10
1,583,10
1,584,10
1,585,11
1,586,10
1,587,10
1,588,11
1,589,10
1,590,11
1,591,10
1,592,10
1,593,10
1,594,10
1,595,10
1,596,10
1,597,10
1,598,10
1,599,11
1,600,11
1,601,10
1,602,11
1,603,10
1,604,11
1,605,11
1,606,10
1,607,11
1,608,10
1,609,10
1,610,10
1,611,10
1,612,10
1,613,10
1,614,10
1,615,10
1,616,10
1,617,10
1,618,10
1,619,10
1,620,10
1,621,10
1,622,11
1,623,11
1,624,11
1,625,11
1,626,11
1,627,10
1,628,10
1,629,10
1,630,10
1,631,12
1,632,10
1,633,10
1,634,11
1,635,10
1,636,10
1,637,10
1,638,10
1,639,10
1,640,10
1,641,10
1,642,10
1,643,11
1,644,12
1,645,10
1,646,11
1,647,11
1,648,11
1,649,10
1,650,11
1,651,11
1,652,10
1,653,10
1,654,11
1,655,10
1,656,10
1,657,10
1,658,11
1,659,11
1,660,11
1,661,10
1,662,10
1,663,10
1,664,10
1,665,11
1,666,10
1,667,11
1,668,10
1,669,11
1,670,10
1,671,10
1,672,10
1,673,10
1,674,10
1,675,11
1,676,10
1,677,10
1,678,11
1,679,10
1,680,10
1,681,11
1,682,10
1,683,11
1,684,10
1,685,11
1,686,10
1,687,11
1,688,10
1,689,10
1,690,11
1,691,10
1,692,11
1,693,11
1,694,10
1,695,10
1,696,10
1,697,10
1,698,10
1,699,10
1,700,10
1,701,10
1,702,10
1,703,11
1,704,11
1,705,10
1,706,11
1,707,11
1,708,10
1,709,10
1,710,11
1,711,10
1,712,11
1,713,11
1,714,10
1,715,10
1,716,10
1,717,10
1,718,10
1,719,10
1,720,12
1,721,10
1,722,10
1,723,12
1,724,11
1,725,10
1,726,11
1,727,11
1,728,10
1,729,11
1,730,11
1,731,10
1,732,11
1,733,11
1,734,11
1,735,11
1,736,11
1,737,11
1,738,11
1,739,11
1,740,10
1,741,10
1,742,11
1,743,11
1,744,10
1,745,10
1,746,10
1,747,10
1,748,11
1,749,11
1,750,10
1,751,10
1,752,11
1,753,10
1,754,11
1,755,11
1,756,11
1,757,10
1,758,11
1,759,11
1,760,10
1,761,10
1,762,11
1,763,10
1,764,10
1,765,11
1,766,11
1,767,10
1,768,11
1,769,11
1,770,11
1,771,11
1,772,10
1,773,11
1,774,10
1,775,11
1,776,11
1,777,10
1,778,10
1,779,10
1,780,11
1,781,11
1,782,10
1,783,10
1,784,10
1,785,11
1,786,10
1,787,10
1,788,10
1,789,11
1,790,10
1,791,10
1,792,11
1,793,10
1,794,12
1,795,10
1,796,11
1,797,11
1,798,10
1,799,11
1,800,10
1,801,10
1,802,10
1,803,11
1,804,10
1,805,11
1,806,11
1,807,11
1,808,10
1,809,10
1,810,10
1,811,11
1,812,11
1,813,11
1,814,11
1,815,11
1,816,11
1,817,11
1,818,10
1,819,10
1,820,10
1,821,11
1,822,10
1,823,10
1,824,11
1,825,11
1,826,11
1,827,11
1,828,11
1,829,11
1,830,10
1,831,11
1,832,10
1,833,10
1,834,11
1,835,10
1,836,11
1,837,10
1,838,10
1,839,11
1,840,11
1,841,11
1,842,11
1,843,11
1,844,10
1,845,11
1,846,10
1,847,10
1,848,10
1,849,10
1,850,10
1,851,10
1,852,10
1,853,10
1,854,10
1,855,10
1,856,10
1,857,10
1,858,10
1,859,10
1,860,10
1,861,10
1,862,10
1,863,11
1,864,11
1,865,10
1,866,10
1,867,11
1,868,10
1,869,11
1,870,11
1,871,11
1,872,11
1,873,10
1,874,11
1,875,11
1,876,10
1,877,10
1,878,11
1,879,11
1,880,10
1,881,11
1,882,10
1,883,10
1,884,10
1,885,10
1,886,11
1,887,10
1,888,10
1,889,10
1,890,11
1,891,11
1,892,11
1,893,10
1,894,10
1,895,12
1,896,10
1,897,10
1,898,10
1,899,10
1,900,10
1,901,11
1,902,11
1,903,10
1,904,10
1,905,10
1,906,10
1,907,11
1,908,10
1,909,10
1,910,10
1,911,10
1,912,10
1,913,10
1,914,11
1,915,11
1,916,11
1,917,11
1,918,12
1,919,10
1,920,11
1,921,11
1,922,10
1,923,10
1,924,10
1,925,10
1,926,10
1,927,11
1,928,10
1,929,10
1,930,11
1,931,11
1,932,10
1,933,11
1,934,10
1,935,11
1,936,11
1,937,10
1,938,11
1,939,11
1,940,10
1,941,11
1,942,10
1,943,10
1,944,10
1,945,10
1,946,10
1,947,10
1,948,10
1,949,10
1,950,11
1,951,10
1,952,11
1,953,11
1,954,11
1,955,10
1,956,10
1,957,10
1,958,11
1,959,10
1,960,10
1,961,11
1,962,10
1,963,11
1,964,10
1,965,11
1,966,11
1,967,11
1,968,11
1,969,10
1,970,10
1,971,10
1,972,10
1,973,10
1,974,11
1,975,10
1,976,10
1,977,10
1,978,11
1,979,10
1,980,11
1,981,11
1,982,11
1,983,11
1,984,10
1,985,10
1,986,10
1,987,10
1,988,10
1,989,10
1,990,10
1,991,11
1,992,10
1,993,11
1,994,10
1,995,11
1,996,10
1,997,11
1,998,10
1,999,11
1,1000,11
1,1001,11
1,1002,11
1,1003,10
1,1004,10
1,1005,10
1,1006,10
1,1007,10
1,1008,10
1,1009,10
1,1010,10
1,1011,10
1,1012,11
1,1013,11
1,1014,10
1,1015,10
1,1016,10
1,1017,10
1,1018,10
1,1019,10
1,1020,10
1,1021,10
1,1022,10
1,1023,10
1,1024,11
1,1025,10
1,1026,10
1,1027,11
1,1028,11
1,1029,11
1,1030,10
1,1031,11
1,1032,10
1,1033,11
1,1034,11
1,1035,11
1,1036,11
1,1037,11
1,1038,11
1,1039,10
1,1040,10
1,1041,11
1,1042,11
1,1043,10
1,1044,10
1,1045,10
1,1046,10
1,1047,10
1,1048,11
1,1049,11
1,1050,11
1,1051,10
1,1052,11
1,1053,10
1,1054,10
1,1055,11
1,1056,11
1,1057,10
1,1058,11
1,1059,10
1,1060,10
1,1061,11
1,1062,10
1,1063,10
1,1064,10
1,1065,10
1,1066,11
1,1067,10
1,1068,10
1,1069,10
1,1070,10
1,1071,10
1,1072,11
1,1073,11
1,1074,10
1,1075,11
1,1076,11
1,1077,10
1,1078,10
1,1079,11
1,1080,11
1,1081,11
1,1082,10
1,1083,10
1,1084,10
1,1085,10
1,1086,10
1,1087,11
1,1088,11
1,1089,10
1,1090,11
1,1091,11
1,1092,11
1,1093,10
1,1094,10
1,1095,10
1,1096,11
1,1097,11
1,1098,10
1,1099,10
1,1100,10
1,1101,10
1,1102,10
1,1103,10
1,1104,10
1,1105,11
1,1106,11
1,1107,10
1,1108,10
1,1109,10
1,1110,10
1,1111,11
1,1112,11
1,1113,10
1,1114,10
1,1115,10
1,1116,10
1,1117,10
1,1118,11
1,1119,10
1,1120,10
1,1121,11
1,1122,11
1,1123,11
1,1124,10
1,1125,10
1,1126,11
1,1127,11
1,1128,11
1,1129,10
1,1130,11
1,1131,11
1,1132,10
1,1133,10
1,1134,11
1,1135,10
1,1136,10
1,1137,10
1,1138,11
1,1139,11
1,1140,11
1,1141,10
1,1142,11
1,1143,11
1,1144,11
1,1145,10
1,1146,10
1,1147,10
1,1148,10
1,1149,10
1,1150,11
1,1151,11
1,1152,11
1,1153,11
1,1154,10
1,1155,11
1,1156,10
1,1157,11
1,1158,11
1,1159,11
1,1160,10
1,1161,10
1,1162,10
1,1163,11
1,1164,10
1,1165,10
1,1166,10
1,1167,10
1,1168,10
1,1169,11
1,1170,10
1,1171,10
1,1172,11
1,1173,11
1,1174,11
1,1175,10
1,1176,11
1,1177,11
1,1178,10
1,1179,10
1,1180,10
1,1181,11
1,1182,11
1,1183,11
1,1184,10
1,1185,11
1,1186,11
1,1187,10
1,1188,10
1,1189,11
1,1190,10
1,1191,11
1,1192,11
1,1193,11
1,1194,10
1,1195,11
1,1196,11
1,1197,10
1,1198,11
1,1199,11
1,1200,10
1,1201,10
1,1202,10
1,1203,11
1,1204,11
1,1205,10
1,1206,11
1,1207,10
1,1208,11
1,1209,10
1,1210,11
1,1211,10
1,1212,11
1,1213,10
1,1214,11
1,1215,10
1,1216,11
1,1217,10
1,1218,10
1,1219,10
1,1220,10
1,1221,10
1,1222,11
1,1223,10
1,1224,10
1,1225,10
1,1226,11
1,1227,10
1,1228,11
1,1229,10
1,1230,10
1,1231,11
1,1232,11
1,1233,10
1,1234,10
1,1235,10
1,1236,11
1,1237,10
1,1238,10
1,1239,10
1,1240,10
1,1241,10
1,1242,11
1,1243,11
1,1244,11
1,1245,10
1,1246,10
1,1247,10
1,1248,10
1,1249,10
1,1250,10
1,1251,11
1,1252,10
1,1253,11
1,1254,11
1,1255,11
1,1256,10
1,1257,10
1,1258,10
1,1259,11
1,1260,11
1,1261,11
1,1262,10
1,1263,10
1,1264,10
1,1265,11
1,1266,11
1,1267,10
1,1268,11
1,1269,12
1,1270,11
1,1271,11
1,1272,11
1,1273,11
1,1274,11
1,1275,11
1,1276,10
1,1277,10
1,1278,12
1,1279,11
1,1280,10
1,1281,10
1,1282,11
1,1283,10
1,1284,11
1,1285,11
1,1286,11
1,1287,11
1,1288,11
1,1289,10
1,1290,11
1,1291,11
1,1292,11
1,1293,11
1,1294,10
1,1295,10
1,1296,11
1,1297,10
1,1298,11
1,1299,10
1,1300,10
1,1301,10
1,1302,10
1,1303,10
1,1304,11
1,1305,9
1,1306,10
1,1307,10
1,1308,10
1,1309,10
1,1310,11
1,1311,11
1,1312,10
1,1313,10
1,1314,11
1,1315,10
1,1316,11
1,1317,10
1,1318,10
1,1319,10
1,1320,11
1,1321,11
1,1322,11
1,1323,10
1,1324,11
1,1325,11
1,1326,10
1,1327,10
1,1328,10
1,1329,11
1,1330,12
1,1331,11
1,1332,11
1,1333,10
1,1334,10
1,1335,10
1,1336,11
1,1337,11
1,1338,11
1,1339,11
1,1340,10
1,1341,11
1,1342,11
1,1343,11
1,1344,11
1,1345,11
1,1346,11
1,1347,11
1,1348,10
1,1349,10
1,1350,11
1,1351,11
1,1352,11
1,1353,10
1,1354,11
1,1355,11
1,1356,11
1,1357,11
1,1358,11
1,1359,10
1,1360,10
1,1361,11
1,1362,11
1,1363,11
1,1364,10
1,1365,11
1,1366,11
1,1367,10
1,1368,10
1,1369,10
1,1370,10
1,1371,11
1,1372,11
1,1373,10
1,1374,11
1,1375,10
1,1376,10
1,1377,10
1,1378,10
1,1379,11
1,1380,11
1,1381,11
1,1382,10
1,1383,11
1,1384,10
1,1385,10
1,1386,11
1,1387,11
1,1388,10
1,1389,11
1,1390,10
1,1391,10
1,1392,10
1,1393,11
1,1394,10
1,1395,11
1,1396,10
1,1397,10
1,1398,10
1,1399,11
1,1400,11
1,1401,11
1,1402,10
1,1403,10
1,1404,10
1,1405,11
1,1406,10
1,1407,10
1,1408,11
1,1409,11
1,1410,10
1,1411,10
1,1412,10
1,1413,10
1,1414,11
1,1415,10
1,1416,11
1,1417,10
1,1418,11
1,1419,11
1,1420,11
1,1421,10
1,1422,10
1,1423,11
1,1424,11
1,1425,10
1,1426,10
1,1427,11
1,1428,11
1,1429,10
1,1430,11
1,1431,10
1,1432,11
1,1433,10
1,1434,10
1,1435,11
1,1436,10
1,1437,11
1,1438,10
1,1439,10
1,1440,10
1,1441,11
1,1442,10
1,1443,11
1,1444,11
1,1445,11
1,1446,11
1,1447,10
1,1448,10
1,1449,11
1,1450,11
1,1451,10
1,1452,11
1,1453,10
1,1454,11
1,1455,11
1,1456,10
1,1457,10
1,1458,11
1,1459,11
1,1460,10
1,1461,11
1,1462,11
1,1463,10
1,1464,11
1,1465,11
1,1466,11
1,1467,11
1,1468,10
1,1469,10
1,1470,10
1,1471,10
1,1472,10
1,1473,10
1,1474,10
1,1475,10
1,1476,10
1,1477,11
1,1478,11
1,1479,10
1,1480,11
1,1481,10
1,1482,11
1,1483,10
1,1484,10
1,1485,10
1,1486,10
1,1487,10
1,1488,10
1,1489,10
1,1490,10
1,1491,11
1,1492,11
1,1493,10
1,1494,11
1,1495,11
1,1496,10
1,1497,11
1,1498,11
1,1499,10
1,1500,11
1,1501,11
1,1502,10
1,1503,11
1,1504,10
1,1505,10
1,1506,11
1,1507,11
1,1508,10
1,1509,10
1,1510,10
1,1511,10
1,1512,11
1,1513,11
1,1514,11
1,1515,11
1,1516,11
1,1517,11
1,1518,11
1,1519,11
1,1520,10
1,1521,11
1,1522,10
1,1523,10
1,1524,11
1,1525,11
1,1526,10
1,1527,11
1,1528,11
1,1529,11
1,1530,12
1,1531,10
1,1532,11
1,1533,11
1,1534,10
1,1535,11
1,1536,10
1,1537,10
1,1538,10
1,1539,10
1,1540,10
1,1541,10
1,1542,10
1,1543,10
1,1544,10
1,1545,10
1,1546,11
1,1547,10
1,1548,10
1,1549,11
1,1550,11
1,1551,11
1,1552,11
1,1553,10
1,1554,10
1,1555,10
1,1556,10
1,1557,10
1,1558,11
1,1559,10
1,1560,10
1,1561,10
1,1562,10
1,1563,10
1,1564,11
1,1565,11
1,1566,10
1,1567,11
1,1568,11
1,1569,10
1,1570,10
1,1571,10
1,1572,11
1,1573,11
1,1574,10
1,1575,11
1,1576,11
1,1577,10
1,1578,11
1,1579,11
1,1580,11
1,1581,11
1,1582,11
1,1583,11
1,1584,10
1,1585,10
1,1586,11
1,1587,11
1,1588,11
1,1589,11
1,1590,10
1,1591,11
1,1592,11
1,1593,11
1,1594,11
1,1595,11
1,1596,11
1,1597,10
1,1598,11
1,1599,10
1,1600,10
1,1601,10
1,1602,10
1,1603,10
1,1604,10
1,1605,11
1,1606,11
1,1607,11
1,1608,11
1,1609,11
1,1610,12
1,1611,11
1,1612,11
1,1613,11
1,1614,10
1,1615,10
1,1616,10
1,1617,11
1,1618,10
1,1619,11
1,1620,10
1,1621,10
1,1622,10
1,1623,10
1,1624,11
1,1625,11
1,1626,10
1,1627,10
1,1628,10
1,1629,11
1,1630,10
1,1631,11
1,1632,10
1,1633,10
1,1634,11
1,1635,11
1,1636,11
1,1637,10
1,1638,11
1,1639,10
1,1640,10
1,1641,11
1,1642,10
1,1643,10
1,1644,10
1,1645,10
1,1646,11
1,1647,10
1,1648,10
1,1649,10
1,1650,10
1,1651,11
1,1652,10
1,1653,10
1,1654,11
1,1655,10
1,1656,10
1,1657,11
1,1658,11
1,1659,11
1,1660,10
1,1661,10
1,1662,10
1,1663,10
1,1664,11
1,1665,10
1,1666,10
1,1667,10
1,1668,11
1,1669,11
1,1670,12
1,1671,11
1,1672,11
1,1673,11
1,1674,11
1,1675,10
1,1676,10
1,1677,10
1,1678,11
1,1679,10
1,1680,10
1,1681,10
1,1682,10
1,1683,11
1,1684,10
1,1685,11
1,1686,10
1,1687,11
1,1688,11
1,1689,10
1,1690,11
1,1691,10
1,1692,10
1,1693,11
1,1694,10
1,1695,11
1,1696,10
1,1697,10
1,1698,11
1,1699,11
1,1700,10
1,1701,10
1,1702,10
1,1703,10
1,1704,11
1,1705,10
1,1706,10
1,1707,11
1,1708,10
1,1709,10
1,1710,10
1,1711,10
1,1712,10
1,1713,11
1,1714,11
1,1715,11
1,1716,11
1,1717,11
1,1718,10
1,1719,10
1,1720,11
1,1721,11
1,1722,10
1,1723,11
1,1724,10
1,1725,10
1,1726,10
1,1727,10
1,1728,10
1,1729,10
1,1730,11
1,1731,11
1,1732,10
1,1733,10
1,1734,11
1,1735,11
1,1736,11
1,1737,10
1,1738,11
1,1739,10
1,1740,10
1,1741,10
1,1742,11
1,1743,10
1,1744,10
1,1745,11
1,1746,11
1,1747,11
1,1748,11
1,1749,10
1,1750,10
1,1751,11
1,1752,11
1,1753,11
1,1754,10
1,1755,10
1,1756,10
1,1757,10
1,1758,10
1,1759,11
1,1760,11
1,1761,11
1,1762,11
1,1763,11
1,1764,10
1,1765,11
1,1766,10
1,1767,11
1,1768,11
1,1769,10
1,1770,10
1,1771,10
1,1772,10
1,1773,11
1,1774,11
1,1775,11
1,1776,10
1,1777,11
1,1778,10
1,1779,11
1,1780,11
1,1781,10
1,1782,10
1,1783,10
1,1784,10
1,1785,10
1,1786,10
1,1787,11
1,1788,10
1,1789,10
1,1790,10
1,1791,11
1,1792,10
1,1793,10
1,1794,10
1,1795,11
1,1796,10
1,1797,12
1,1798,11
1,1799,11
1,1800,10
1,1801,10
1,1802,11
1,1803,10
1,1804,11
1,1805,10
1,1806,10
1,1807,10
1,1808,10
1,1809,11
1,1810,10
1,1811,11
1,1812,10
1,1813,10
1,1814,11
1,1815,10
1,1816,10
1,1817,10
1,1818,10
1,1819,11
1,1820,10
1,1821,11
1,1822,11
1,1823,11
1,1824,11
1,1825,11
1,1826,11
1,1827,10
1,1828,11
1,1829,10
1,1830,11
1,1831,10
1,1832,11
1,1833,11
1,1834,10
1,1835,10
1,1836,11
1,1837,10
1,1838,10
1,1839,11
1,1840,11
1,1841,11
1,1842,11
1,1843,11
1,1844,11
1,1845,10
1,1846,11
1,1847,12
1,1848,10
1,1849,10
1,1850,10
1,1851,10
1,1852,10
1,1853,11
1,1854,10
1,1855,10
1,1856,11
1,1857,10
1,1858,11
1,1859,11
1,1860,10
1,1861,10
1,1862,10
1,1863,10
1,1864,10
1,1865,10
1,1866,10
1,1867,10
1,1868,11
1,1869,10
1,1870,10
1,1871,10
1,1872,11
1,1873,11
1,1874,11
1,1875,10
1,1876,10
1,1877,11
1,1878,11
1,1879,10
1,1880,10
1,1881,11
1,1882,10
1,1883,11
1,1884,10
1,1885,10
1,1886,11
1,1887,10
1,1888,10
1,1889,10
1,1890,10
1,1891,10
1,1892,11
1,1893,11
1,1894,10
1,1895,11
1,1896,10
1,1897,11
1,1898,10
1,1899,10
1,1900,10
1,1901,11
1,1902,11
1,1903,11
1,1904,11
1,1905,11
1,1906,11
1,1907,11
1,1908,11
1,1909,11
1,1910,10
1,1911,10
1,1912,10
1,1913,10
1,1914,11
1,1915,10
1,1916,10
1,1917,11
1,1918,10
1,1919,10
1,1920,11
1,1921,10
1,1922,10
1,1923,10
1,1924,11
1,1925,10
1,1926,11
1,1927,11
1,1928,11
1,1929,11
1,1930,11
1,1931,10
1,1932,11
1,1933,10
1,1934,10
1,1935,10
1,1936,10
1,1937,10
1,1938,10
1,1939,10
1,1940,11
1,1941,11
1,1942,10
1,1943,10
1,1944,10
1,1945,10
1,1946,10
1,1947,10
1,1948,11
1,1949,11
1,1950,11
1,1951,11
1,1952,11
1,1953,10
1,1954,10
1,1955,11
1,1956,10
1,1957,10
1,1958,10
1,1959,11
1,1960,11
1,1961,10
1,1962,11
1,1963,10
1,1964,10
1,1965,10
1,1966,10
1,1967,10
1,1968,10
1,1969,10
1,1970,11
1,1971,10
1,1972,11
1,1973,10
1,1974,10
1,1975,11
1,1976,12
1,1977,11
1,1978,11
1,1979,11
1,1980,11
1,1981,11
1,1982,10
1,1983,11
1,1984,10
1,1985,10
1,1986,10
1,1987,10
1,1988,11
1,1989,10
1,1990,10
1,1991,10
1,1992,10
1,1993,10
1,1994,11
1,1995,11
1,1996,10
1,1997,10
1,1998,11
1,1999,10
2,0,10
2,1,11
2,2,11
2,3,11
2,4,10
2,5,10
2,6,10
2,7,10
2,8,10
2,9,10
2,10,10
2,11,10
2,12,10
2,13,10
2,14,11
2,15,10
2,16,10
2,17,10
2,18,10
2,19,10
2,20,11
2,21,10
2,22,10
2,23,10
2,24,10
2,25,10
2,26,10
2,27,10
2,28,10
2,29,10
2,30,10
2,31,10
2,32,10
2,33,10
2,34,10
2,35,10
2,36,10
2,37,10
2,38,10
2,39,10
2,40,10
2,41,11
2,42,10
2,43,10
2,44,10
2,45,11
2,46,10
2,47,10
2,48,10
2,49,10
2,50,10
2,51,10
2,52,10
2,53,10
2,54,10
2,55,10
2,56,10
2,57,11
2,58,10
2,59,10
2,60,10
2,61,10
2,62,10
2,63,10
2,64,10
2,65,10
2,66,10
2,67,12
2,68,11
2,69,11
2,70,10
2,71,10
2,72,10
2,73,10
2,74,10
2,75,10
2,76,10
2,77,10
2,78,10
2,79,10
2,80,10
2,81,10
2,82,10
2,83,11
2,84,10
2,85,10
2,86,10
2,87,10
2,88,11
2,89,10
2,90,10
2,91,10
2,92,10
2,93,10
2,94,10
2,95,10
2,96,10
2,97,10
2,98,10
2,99,10
2,100,10
2,101,10
2,102,10
2,103,10
2,104,10
2,105,10
2,106,10
2,107,10
2,108,10
2,109,10
2,110,10
2,111,10
2,112,12
2,113,11
2,114,10
2,115,10
2,116,11
2,117,10
2,118,11
2,119,10
2,120,11
2,121,11
2,122,11
2,123,10
2,124,10
2,125,10
2,126,10
2,127,10
2,128,10
2,129,11
2,130,10
2,131,10
2,132,10
2,133,10
2,134,10
2,135,11
2,136,10
2,137,10
2,138,10
2,139,10
2,140,10
2,141,10
2,142,10
2,143,10
2,144,10
2,145,11
2,146,10
2,147,10
2,148,10
2,149,11
2,150,11
2,151,10
2,152,10
2,153,10
2,154,10
2,155,10
2,156,10
2,157,10
2,158,10
2,159,11
2,160,10
2,161,10
2,162,10
2,163,10
2,164,10
2,165,10
2,166,10
2,167,11
2,168,11
2,169,10
2,170,10
2,171,10
2,172,10
2,173,10
2,174,10
2,175,10
2,176,10
2,177,10
2,178,10
2,179,11
2,180,10
2,181,10
2,182,10
2,183,10
2,184,10
2,185,11
2,186,11
2,187,10
2,188,11
2,189,10
2,190,10
2,191,10
2,192,10
2,193,10
2,194,11
2,195,10
2,196,10
2,197,10
2,198,10
2,199,10
2,200,10
2,201,10
2,202,10
2,203,10
2,204,10
2,205,10
2,206,10
2,207,10
2,208,11
2,209,11
2,210,10
2,211,10
2,212,10
2,213,10
2,214,10
2,215,11
2,216,10
2,217,10
2,218,10
2,219,10
2,220,10
2,221,10
2,222,11
2,223,10
2,224,10
2,225,10
2,226,10
2,227,10
2,228,10
2,229,10
2,230,11
2,231,10
2,232,10
2,233,10
2,234,10
2,235,10
2,236,10
2,237,11
2,238,10
2,239,10
2,240,10
2,241,10
2,242,10
2,243,11
2,244,10
2,245,10
2,246,10
2,247,10
2,248,11
2,249,10
2,250,10
2,251,10
2,252,10
2,253,10
2,254,10
2,255,10
2,256,10
2,257,10
2,258,10
2,259,10
2,260,10
2,261,10
2,262,10
2,263,10
2,264,11
2,265,10
2,266,10
2,267,10
2,268,11
2,269,10
2,270,10
2,271,10
2,272,10
2,273,10
2,274,10
2,275,10
2,276,10
2,277,10
2,278,10
2,279,10
2,280,10
2,281,10
2,282,10
2,283,10
2,284,10
2,285,10
2,286,10
2,287,10
2,288,10
2,289,10
2,290,10
2,291,11
2,292,10
2,293,10
2,294,10
2,295,10
2,296,10
2,297,10
2,298,10
2,299,10
2,300,11
2,301,10
2,302,10
2,303,10
2,304,10
2,305,12
2,306,10
2,307,10
2,308,10
2,309,10
2,310,10
2,311,10
2,312,10
2,313,10
2,314,10
2,315,10
2,316,10
2,317,10
2,318,10
2,319,10
2,320,10
2,321,10
2,322,10
2,323,10
2,324,10
2,325,10
2,326,11
2,327,10
2,328,10
2,329,10
2,330,10
2,331,10
2,332,10
2,333,10
2,334,10
2,335,11
2,336,10
2,337,11
2,338,10
2,339,10
2,340,10
2,341,10
2,342,10
2,343,10
2,344,10
2,345,10
2,346,10
2,347,11
2,348,10
2,349,10
2,350,10
2,351,10
2,352,10
2,353,10
2,354,11
2,355,10
2,356,10
2,357,10
2,358,10
2,359,10
2,360,10
2,361,10
2,362,10
2,363,10
2,364,10
2,365,10
2,366,10
2,367,9
2,368,10
2,369,10
2,370,11
2,371,11
2,372,10
2,373,10
2,374,10
2,375,11
2,376,10
2,377,10
2,378,10
2,379,10
2,380,10
2,381,10
2,382,10
2,383,10
2,384,10
2,385,10
2,386,10
2,387,10
2,388,10
2,389,11
2,390,10
2,391,10
2,392,10
2,393,10
2,394,10
2,395,11
2,396,10
2,397,10
2,398,10
2,399,10
2,400,10
2,401,10
2,402,10
2,403,10
2,404,11
2,405,10
2,406,10
2,407,10
2,408,10
2,409,10
2,410,10
2,411,10
2,412,10
2,413,10
2,414,10
2,415,10
2,416,10
2,417,10
2,418,11
2,419,10
2,420,10
2,421,10
2,422,10
2,423,10
2,424,10
2,425,10
2,426,10
2,427,10
2,428,10
2,429,10
2,430,10
2,431,10
2,432,10
2,433,10
2,434,10
2,435,10
2,436,10
2,437,10
2,438,10
2,439,10
2,440,10
2,441,10
2,442,10
2,443,10
2,444,10
2,445,10
2,446,10
2,447,11
2,448,11
2,449,10
2,450,10
2,451,10
2,452,10
2,453,10
2,454,10
2,455,11
2,456,10
2,457,10
2,458,10
2,459,10
2,460,10
2,461,10
2,462,11
2,463,10
2,464,11
2,465,10
2,466,10
2,467,10
2,468,11
2,469,10
2,470,10
2,471,10
2,472,10
2,473,10
2,474,10
2,475,10
2,476,10
2,477,10
2,478,10
2,479,10
2,480,10
2,481,10
2,482,10
2,483,10
2,484,10
2,485,10
2,486,11
2,487,10
2,488,10
2,489,10
2,490,10
2,491,10
2,492,10
2,493,10
2,494,10
2,495,11
2,496,10
2,497,10
2,498,10
2,499,10
2,500,11
2,501,10
2,502,10
2,503,10
2,504,10
2,505,10
2,506,11
2,507,11
2,508,10
2,509,10
2,510,10
2,511,10
2,512,10
2,513,10
2,514,11
2,515,10
2,516,10
2,517,10
2,518,11
2,519,10
2,520,11
2,521,10
2,522,10
2,523,10
2,524,10
2,525,10
2,526,10
2,527,12
2,528,10
2,529,10
2,530,10
2,531,10
2,532,10
2,533,10
2,534,10
2,535,10
2,536,10
2,537,10
2,538,11
2,539,11
2,540,10
2,541,10
2,542,11
2,543,10
2,544,10
2,545,10
2,546,10
2,547,10
2,548,10
2,549,10
2,550,10
2,551,11
2,552,10
2,553,10
2,554,11
2,555,10
2,556,10
2,557,10
2,558,11
2,559,10
2,560,10
2,561,10
2,562,10
2,563,10
2,564,10
2,565,10
2,566,10
2,567,10
2,568,11
2,569,10
2,570,11
2,571,10
2,572,10
2,573,11
2,574,10
2,575,11
2,576,11
2,577,11
2,578,10
2,579,10
2,580,10
2,581,10
2,582,10
2,583,10
2,584,11
2,585,10
2,586,10
2,587,11
2,588,12
2,589,10
2,590,11
2,591,11
2,592,10
2,593,10
2,594,10
2,595,10
2,596,10
2,597,10
2,598,10
2,599,10
2,600,10
2,601,10
2,602,11
2,603,10
2,604,10
2,605,10
2,606,11
2,607,10
2,608,10
2,609,10
2,610,10
2,611,11
2,612,10
2,613,10
2,614,10
2,615,10
2,616,10
2,617,10
2,618,10
2,619,10
2,620,10
2,621,10
2,622,10
2,623,10
2,624,10
2,625,10
2,626,10
2,627,10
2,628,10
2,629,10
2,630,10
2,631,10
2,632,10
2,633,10
2,634,10
2,635,10
2,636,10
2,637,10
2,638,10
2,639,10
2,640,10
2,641,10
2,642,10
2,643,10
2,644,10
2,645,10
2,646,10
2,647,10
2,648,10
2,649,10
2,650,10
2,651,10
2,652,10
2,653,10
2,654,10
2,655,10
2,656,10
2,657,10
2,658,10
2,659,10
2,660,10
2,661,11
2,662,10
2,663,10
2,664,10
2,665,10
2,666,10
2,667,10
2,668,10
2,669,10
2,670,10
2,671,10
2,672,10
2,673,10
2,674,10
2,675,10
2,676,10
2,677,10
2,678,10
2,679,11
2,680,10
2,681,10
2,682,10
2,683,10
2,684,10
2,685,11
2,686,10
2,687,10
2,688,10
2,689,10
2,690,10
2,691,10
2,692,10
2,693,10
2,694,10
2,695,10
2,696,11
2,697,10
2,698,11
2,699,10
2,700,10
2,701,10
2,702,10
2,703,11
2,704,11
2,705,10
2,706,10
2,707,10
2,708,11
2,709,10
2,710,10
2,711,10
2,712,10
2,713,10
2,714,10
2,715,11
2,716,10
2,717,10
2,718,10
2,719,11
2,720,11
2,721,10
2,722,10
2,723,10
2,724,10
2,725,10
2,726,10
2,727,10
2,728,10
2,729,10
2,730,10
2,731,10
2,732,10
2,733,10
2,734,10
2,735,10
2,736,10
2,737,10
2,738,10
2,739,10
2,740,10
2,741,10
2,742,11
2,743,10
2,744,10
2,745,10
2,746,10
2,747,10
2,748,10
2,749,10
2,750,10
2,751,10
2,752,10
2,753,10
2,754,10
2,755,10
2,756,11
2,757,10
2,758,10
2,759,10
2,760,10
2,761,10
2,762,10
2,763,10
2,764,10
2,765,10
2,766,10
2,767,10
2,768,11
2,769,10
2,770,10
2,771,10
2,772,11
2,773,10
2,774,10
2,775,10
2,776,10
2,777,10
2,778,10
2,779,10
2,780,10
2,781,10
2,782,11
2,783,10
2,784,10
2,785,10
2,786,10
2,787,10
2,788,10
2,789,10
2,790,10
2,791,11
2,792,10
2,793,10
2,794,10
2,795,11
2,796,10
2,797,10
2,798,10
2,799,10
2,800,10
2,801,10
2,802,10
2,803,10
2,804,10
2,805,10
2,806,10
2,807,10
2,808,10
2,809,11
2,810,10
2,811,10
2,812,10
2,813,10
2,814,10
2,815,10
2,816,10
2,817,10
2,818,10
2,819,10
2,820,11
2,821,10
2,822,11
2,823,11
2,824,10
2,825,10
2,826,10
2,827,10
2,828,11
2,829,10
2,830,10
2,831,10
2,832,10
2,833,11
2,834,10
2,835,10
2,836,10
2,837,10
2,838,10
2,839,10
2,840,11
2,841,10
2,842,10
2,843,10
2,844,11
2,845,11
2,846,10
2,847,10
2,848,10
2,849,10
2,850,10
2,851,10
2,852,10
2,853,10
2,854,10
2,855,10
2,856,10
2,857,10
2,858,10
2,859,11
2,860,10
2,861,10
2,862,10
2,863,10
2,864,10
2,865,10
2,866,10
2,867,10
2,868,10
2,869,10
2,870,10
2,871,10
2,872,10
2,873,10
2,874,10
2,875,10
2,876,10
2,877,10
2,878,10
2,879,10
2,880,10
2,881,10
2,882,10
2,883,10
2,884,10
2,885,10
2,886,10
2,887,10
2,888,11
2,889,10
2,890,10
2,891,11
2,892,10
2,893,10
2,894,10
2,895,10
2,896,10
2,897,10
2,898,11
2,899,10
2,900,10
2,901,10
2,902,10
2,903,10
2,904,10
2,905,11
2,906,10
2,907,10
2,908,10
2,909,11
2,910,10
2,911,10
2,912,10
2,913,10
2,914,11
2,915,10
2,916,10
2,917,11
2,918,10
2,919,10
2,920,10
2,921,10
2,922,10
2,923,10
2,924,10
2,925,11
2,926,10
2,927,11
2,928,10
2,929,10
2,930,10
2,931,10
2,932,10
2,933,10
2,934,10
2,935,11
2,936,10
2,937,10
2,938,10
2,939,10
2,940,11
2,941,10
2,942,10
2,943,10
2,944,10
2,945,10
2,946,10
2,947,10
2,948,10
2,949,10
2,950,10
2,951,10
2,952,10
2,953,10
2,954,10
2,955,10
2,956,10
2,957,10
2,958,10
2,959,10
2,960,10
2,961,10
2,962,10
2,963,11
2,964,10
2,965,10
2,966,10
2,967,10
2,968,11
2,969,10
2,970,10
2,971,10
2,972,10
2,973,10
2,974,10
2,975,10
2,976,10
2,977,10
2,978,10
2,979,10
2,980,10
2,981,10
2,982,10
2,983,10
2,984,10
2,985,10
2,986,10
2,987,10
2,988,11
2,989,10
2,990,11
2,991,10
2,992,10
2,993,10
2,994,11
2,995,10
2,996,10
2,997,10
2,998,10
2,999,10
2,1000,10
2,1001,10
2,1002,10
2,1003,10
2,1004,10
2,1005,10
2,1006,10
2,1007,10
2,1008,10
2,1009,10
2,1010,10
2,1011,10
2,1012,10
2,1013,10
2,1014,10
2,1015,10
2,1016,10
2,1017,10
2,1018,10
2,1019,10
2,1020,10
2,1021,10
2,1022,10
2,1023,10
2,1024,10
2,1025,10
2,1026,10
2,1027,10
2,1028,10
2,1029,10
2,1030,10
2,1031,10
2,1032,10
2,1033,10
2,1034,10
2,1035,10
2,1036,10
2,1037,10
2,1038,10
2,1039,10
2,1040,10
2,1041,10
2,1042,10
2,1043,10
2,1044,10
2,1045,10
2,1046,10
2,1047,10
2,1048,11
2,1049,10
2,1050,10
2,1051,10
2,1052,10
2,1053,10
2,1054,10
2,1055,10
2,1056,10
2,1057,10
2,1058,10
2,1059,10
2,1060,10
2,1061,10
2,1062,10
2,1063,10
2,1064,10
2,1065,10
2,1066,10
2,1067,10
2,1068,10
2,1069,10
2,1070,10
2,1071,10
2,1072,10
2,1073,10
2,1074,10
2,1075,10
2,1076,10
2,1077,10
2,1078,10
2,1079,10
2,1080,11
2,1081,10
2,1082,10
2,1083,10
2,1084,10
2,1085,10
2,1086,10
2,1087,10
2,1088,10
2,1089,10
2,1090,10
2,1091,10
2,1092,10
2,1093,10
2,1094,10
2,1095,10
2,1096,10
2,1097,10
2,1098,10
2,1099,10
2,1100,10
2,1101,10
2,1102,10
2,1103,10
2,1104,10
2,1105,10
2,1106,10
2,1107,10
2,1108,11
2,1109,10
2,1110,10
2,1111,10
2,1112,10
2,1113,10
2,1114,10
2,1115,10
2,1116,10
2,1117,10
2,1118,10
2,1119,10
2,1120,10
2,1121,10
2,1122,10
2,1123,10
2,1124,10
2,1125,10
2,1126,10
2,1127,10
2,1128,10
2,1129,10
2,1130,10
2,1131,10
2,1132,10
2,1133,10
2,1134,10
2,1135,10
2,1136,10
2,1137,10
2,1138,10
2,1139,10
2,1140,10
2,1141,10
2,1142,10
2,1143,10
2,1144,10
2,1145,10
2,1146,10
2,1147,10
2,1148,10
2,1149,10
2,1150,10
2,1151,11
2,1152,11
2,1153,10
2,1154,11
2,1155,10
2,1156,10
2,1157,10
2,1158,10
2,1159,10
2,1160,10
2,1161,10
2,1162,10
2,1163,11
2,1164,10
2,1165,10
2,1166,11
2,1167,10
2,1168,10
2,1169,11
2,1170,10
2,1171,10
2,1172,10
2,1173,10
2,1174,10
2,1175,10
2,1176,10
2,1177,10
2,1178,10
2,1179,10
2,1180,10
2,1181,12
2,1182,10
2,1183,10
2,1184,10
2,1185,10
2,1186,10
2,1187,10
2,1188,10
2,1189,10
2,1190,10
2,1191,10
2,1192,10
2,1193,10
2,1194,10
2,1195,11
2,1196,11
2,1197,10
2,1198,11
2,1199,10
2,1200,10
2,1201,10
2,1202,10
2,1203,10
2,1204,10
2,1205,10
2,1206,10
2,1207,10
2,1208,10
2,1209,11
2,1210,10
2,1211,11
2,1212,10
2,1213,11
2,1214,10
2,1215,11
2,1216,10
2,1217,10
2,1218,10
2,1219,11
2,1220,11
2,1221,11
2,1222,10
2,1223,10
2,1224,11
2,1225,11
2,1226,10
2,1227,11
2,1228,10
2,1229,10
2,1230,10
2,1231,10
2,1232,10
2,1233,10
2,1234,10
2,1235,10
2,1236,10
2,1237,10
2,1238,10
2,1239,10
2,1240,10
2,1241,10
2,1242,11
2,1243,10
2,1244,10
2,1245,10
2,1246,10
2,1247,10
2,1248,10
2,1249,10
2,1250,10
2,1251,10
2,1252,10
2,1253,10
2,1254,10
2,1255,10
2,1256,10
2,1257,10
2,1258,10
2,1259,10
2,1260,10
2,1261,10
2,1262,10
2,1263,10
2,1264,10
2,1265,10
2,1266,10
2,1267,10
2,1268,10
2,1269,10
2,1270,10
2,1271,10
2,1272,10
2,1273,10
2,1274,10
2,1275,10
2,1276,10
2,1277,11
2,1278,10
2,1279,10
2,1280,11
2,1281,11
2,1282,10
2,1283,10
2,1284,10
2,1285,10
2,1286,10
2,1287,10
2,1288,10
2,1289,10
2,1290,10
2,1291,10
2,1292,11
2,1293,11
2,1294,10
2,1295,10
2,1296,11
2,1297,10
2,1298,10
2,1299,11
2,1300,11
2,1301,10
2,1302,10
2,1303,10
2,1304,10
2,1305,10
2,1306,11
2,1307,10
2,1308,10
2,1309,11
2,1310,10
2,1311,11
2,1312,10
2,1313,10
2,1314,10
2,1315,10
2,1316,10
2,1317,10
2,1318,10
2,1319,10
2,1320,11
2,1321,10
2,1322,10
2,1323,10
2,1324,10
2,1325,10
2,1326,10
2,1327,10
2,1328,11
2,1329,10
2,1330,10
2,1331,10
2,1332,10
2,1333,10
2,1334,10
2,1335,10
2,1336,10
2,1337,10
2,1338,10
2,1339,10
2,1340,10
2,1341,10
2,1342,10
2,1343,10
2,1344,10
2,1345,10
2,1346,11
2,1347,10
2,1348,10
2,1349,10
2,1350,10
2,1351,10
2,1352,10
2,1353,10
2,1354,10
2,1355,11
2,1356,10
2,1357,10
2,1358,11
2,1359,10
2,1360,10
2,1361,10
2,1362,10
2,1363,10
2,1364,10
2,1365,10
2,1366,10
2,1367,10
2,1368,10
2,1369,10
2,1370,10
2,1371,10
2,1372,10
2,1373,10
2,1374,10
2,1375,11
2,1376,10
2,1377,10
2,1378,10
2,1379,10
2,1380,10
2,1381,10
2,1382,10
2,1383,10
2,1384,10
2,1385,10
2,1386,10
2,1387,10
2,1388,10
2,1389,10
2,1390,10
2,1391,10
2,1392,10
2,1393,10
2,1394,10
2,1395,10
2,1396,11
2,1397,10
2,1398,10
2,1399,10
2,1400,10
2,1401,10
2,1402,10
2,1403,11
2,1404,10
2,1405,10
2,1406,10
2,1407,10
2,1408,10
2,1409,10
2,1410,10
2,1411,10
2,1412,10
2,1413,10
2,1414,10
2,1415,10
2,1416,11
2,1417,10
2,1418,10
2,1419,10
2,1420,10
2,1421,10
2,1422,10
2,1423,10
2,1424,10
2,1425,10
2,1426,10
2,1427,10
2,1428,10
2,1429,11
2,1430,10
2,1431,10
2,1432,10
2,1433,10
2,1434,10
2,1435,11
2,1436,11
2,1437,11
2,1438,10
2,1439,10
2,1440,10
2,1441,10
2,1442,10
2,1443,11
2,1444,10
2,1445,10
2,1446,10
2,1447,10
2,1448,10
2,1449,10
2,1450,10
2,1451,10
2,1452,11
2,1453,11
2,1454,11
2,1455,10
2,1456,10
2,1457,10
2,1458,10
2,1459,10
2,1460,10
2,1461,10
2,1462,10
2,1463,10
2,1464,10
2,1465,10
2,1466,10
2,1467,10
2,1468,10
2,1469,11
2,1470,10
2,1471,10
2,1472,10
2,1473,10
2,1474,10
2,1475,10
2,1476,11
2,1477,10
2,1478,10
2,1479,10
2,1480,10
2,1481,10
2,1482,10
2,1483,10
2,1484,10
2,1485,10
2,1486,10
2,1487,10
2,1488,11
2,1489,10
2,1490,10
2,1491,10
2,1492,11
2,1493,10
2,1494,10
2,1495,10
2,1496,11
2,1497,10
2,1498,10
2,1499,11
2,1500,10
2,1501,10
2,1502,10
2,1503,10
2,1504,11
2,1505,10
2,1506,10
2,1507,10
2,1508,10
2,1509,10
2,1510,10
2,1511,11
2,1512,10
2,1513,10
2,1514,11
2,1515,10
2,1516,10
2,1517,10
2,1518,10
2,1519,10
2,1520,10
2,1521,10
2,1522,10
2,1523,10
2,1524,10
2,1525,10
2,1526,10
2,1527,10
2,1528,10
2,1529,11
2,1530,10
2,1531,10
2,1532,10
2,1533,10
2,1534,11
2,1535,10
2,1536,10
2,1537,10
2,1538,10
2,1539,11
2,1540,11
2,1541,10
2,1542,10
2,1543,10
2,1544,10
2,1545,10
2,1546,10
2,1547,10
2,1548,10
2,1549,10
2,1550,10
2,1551,10
2,1552,10
2,1553,10
2,1554,10
2,1555,10
2,1556,10
2,1557,10
2,1558,10
2,1559,10
2,1560,11
2,1561,10
2,1562,10
2,1563,10
2,1564,11
2,1565,10
2,1566,10
2,1567,10
2,1568,10
2,1569,10
2,1570,10
2,1571,10
2,1572,10
2,1573,10
2,1574,10
2,1575,10
2,1576,10
2,1577,10
2,1578,11
2,1579,10
2,1580,10
2,1581,10
2,1582,10
2,1583,10
2,1584,10
2,1585,10
2,1586,10
2,1587,10
2,1588,10
2,1589,10
2,1590,10
2,1591,10
2,1592,10
2,1593,10
2,1594,10
2,1595,10
2,1596,10
2,1597,10
2,1598,10
2,1599,10
2,1600,10
2,1601,10
2,1602,10
2,1603,10
2,1604,10
2,1605,10
2,1606,11
2,1607,10
2,1608,10
2,1609,10
2,1610,10
2,1611,10
2,1612,10
2,1613,10
2,1614,10
2,1615,10
2,1616,10
2,1617,10
2,1618,10
2,1619,10
2,1620,10
2,1621,10
2,1622,11
2,1623,10
2,1624,10
2,1625,10
2,1626,10
2,1627,10
2,1628,10
2,1629,10
2,1630,10
2,1631,10
2,1632,10
2,1633,10
2,1634,10
2,1635,10
2,1636,10
2,1637,10
2,1638,10
2,1639,10
2,1640,10
2,1641,10
2,1642,10
2,1643,10
2,1644,10
2,1645,10
2,1646,10
2,1647,10
2,1648,11
2,1649,10
2,1650,10
2,1651,10
2,1652,10
2,1653,10
2,1654,10
2,1655,10
2,1656,10
2,1657,10
2,1658,10
2,1659,10
2,1660,10
2,1661,10
2,1662,10
2,1663,10
2,1664,10
2,1665,10
2,1666,10
2,1667,11
2,1668,10
2,1669,10
2,1670,10
2,1671,10
2,1672,10
2,1673,10
2,1674,10
2,1675,10
2,1676,10
2,1677,11
2,1678,10
2,1679,10
2,1680,10
2,1681,10
2,1682,10
2,1683,10
2,1684,10
2,1685,10
2,1686,10
2,1687,10
2,1688,10
2,1689,10
2,1690,10
2,1691,10
2,1692,11
2,1693,12
2,1694,10
2,1695,10
2,1696,10
2,1697,11
2,1698,10
2,1699,10
2,1700,10
2,1701,11
2,1702,10
2,1703,10
2,1704,10
2,1705,11
2,1706,10
2,1707,10
2,1708,12
2,1709,10
2,1710,10
2,1711,10
2,1712,10
2,1713,10
2,1714,10
2,1715,10
2,1716,10
2,1717,10
2,1718,10
2,1719,10
2,1720,11
2,1721,10
2,1722,10
2,1723,10
2,1724,10
2,1725,11
2,1726,10
2,1727,11
2,1728,9
2,1729,10
2,1730,10
2,1731,10
2,1732,10
2,1733,10
2,1734,10
2,1735,10
2,1736,10
2,1737,10
2,1738,10
2,1739,10
2,1740,10
2,1741,10
2,1742,11
2,1743,11
2,1744,10
2,1745,10
2,1746,12
2,1747,10
2,1748,10
2,1749,10
2,1750,11
2,1751,10
2,1752,10
2,1753,10
2,1754,10
2,1755,10
2,1756,10
2,1757,10
2,1758,10
2,1759,10
2,1760,10
2,1761,11
2,1762,10
2,1763,10
2,1764,10
2,1765,10
2,1766,10
2,1767,10
2,1768,10
2,1769,10
2,1770,10
2,1771,10
2,1772,10
2,1773,10
2,1774,10
2,1775,11
2,1776,10
2,1777,10
2,1778,11
2,1779,11
2,1780,11
2,1781,10
2,1782,10
2,1783,10
2,1784,10
2,1785,10
2,1786,10
2,1787,10
2,1788,10
2,1789,10
2,1790,11
2,1791,10
2,1792,10
2,1793,10
2,1794,10
2,1795,10
2,1796,10
2,1797,10
2,1798,10
2,1799,10
2,1800,10
2,1801,10
2,1802,10
2,1803,10
2,1804,10
2,1805,10
2,1806,10
2,1807,10
2,1808,10
2,1809,10
2,1810,10
2,1811,10
2,1812,10
2,1813,10
2,1814,10
2,1815,12
2,1816,10
2,1817,10
2,1818,11
2,1819,10
2,1820,10
2,1821,10
2,1822,10
2,1823,10
2,1824,10
2,1825,10
2,1826,10
2,1827,10
2,1828,10
2,1829,10
2,1830,10
2,1831,10
2,1832,10
2,1833,10
2,1834,11
2,1835,10
2,1836,11
2,1837,10
2,1838,10
2,1839,10
2,1840,10
2,1841,10
2,1842,10
2,1843,10
2,1844,10
2,1845,10
2,1846,10
2,1847,10
2,1848,10
2,1849,10
2,1850,10
2,1851,10
2,1852,10
2,1853,10
2,1854,10
2,1855,10
2,1856,10
2,1857,10
2,1858,10
2,1859,10
2,1860,10
2,1861,10
2,1862,10
2,1863,11
2,1864,11
2,1865,10
2,1866,10
2,1867,10
2,1868,10
2,1869,10
2,1870,10
2,1871,11
2,1872,11
2,1873,11
2,1874,10
2,1875,11
2,1876,10
2,1877,10
2,1878,10
2,1879,10
2,1880,10
2,1881,10
2,1882,11
2,1883,10
2,1884,10
2,1885,10
2,1886,10
2,1887,10
2,1888,10
2,1889,10
2,1890,10
2,1891,10
2,1892,10
2,1893,10
2,1894,10
2,1895,10
2,1896,10
2,1897,11
2,1898,10
2,1899,10
2,1900,10
2,1901,10
2,1902,11
2,1903,10
2,1904,10
2,1905,10
2,1906,10
2,1907,11
2,1908,10
2,1909,10
2,1910,10
2,1911,11
2,1912,10
2,1913,10
2,1914,11
2,1915,10
2,1916,9
2,1917,11
2,1918,10
2,1919,10
2,1920,11
2,1921,10
2,1922,10
2,1923,10
2,1924,10
2,1925,10
2,1926,10
2,1927,10
2,1928,10
2,1929,10
2,1930,11
2,1931,10
2,1932,10
2,1933,10
2,1934,10
2,1935,10
2,1936,11
2,1937,10
2,1938,10
2,1939,10
2,1940,10
2,1941,10
2,1942,11
2,1943,11
2,1944,10
2,1945,11
2,1946,10
2,1947,10
2,1948,10
2,1949,10
2,1950,10
2,1951,10
2,1952,10
2,1953,10
2,1954,10
2,1955,10
2,1956,10
2,1957,10
2,1958,11
2,1959,10
2,1960,10
2,1961,10
2,1962,10
2,1963,11
2,1964,11
2,1965,10
2,1966,10
2,1967,10
2,1968,11
2,1969,10
2,1970,10
2,1971,10
2,1972,11
2,1973,10
2,1974,10
2,1975,10
2,1976,10
2,1977,10
2,1978,10
2,1979,10
2,1980,10
2,1981,10
2,1982,10
2,1983,10
2,1984,10
2,1985,10
2,1986,10
2,1987,10
2,1988,10
2,1989,10
2,1990,10
2,1991,10
2,1992,11
2,1993,10
2,1994,10
2,1995,10
2,1996,10
2,1997,11
2,1998,10
2,1999,10
3,0,10
3,1,11
3,2,11
3,3,10
3,4,11
3,5,11
3,6,11
3,7,11
3,8,11
3,9,11
3,10,10
3,11,11
3,12,10
3,13,10
3,14,11
3,15,11
3,16,11
3,17,11
3,18,10
3,19,11
3,20,11
3,21,10
3,22,11
3,23,11
3,24,11
3,25,11
3,26,10
3,27,11
3,28,11
3,29,11
3,30,10
3,31,10
3,32,11
3,33,11
3,34,10
3,35,11
3,36,11
3,37,10
3,38,10
3,39,11
3,40,11
3,41,10
3,42,11
3,43,11
3,44,10
3,45,11
3,46,11
3,47,11
3,48,11
3,49,11
3,50,11
3,51,11
3,52,11
3,53,11
3,54,10
3,55,11
3,56,11
3,57,11
3,58,10
3,59,10
3,60,11
3,61,11
3,62,10
3,63,11
3,64,10
3,65,10
3,66,11
3,67,11
3,68,11
3,69,11
3,70,11
3,71,11
3,72,11
3,73,11
3,74,11
3,75,11
3,76,10
3,77,11
3,78,11
3,79,10
3,80,11
3,81,10
3,82,11
3,83,11
3,84,11
3,85,11
3,86,11
3,87,11
3,88,11
3,89,11
3,90,11
3,91,11
3,92,10
3,93,11
3,94,11
3,95,11
3,96,10
3,97,11
3,98,10
3,99,10
3,100,11
3,101,11
3,102,11
3,103,11
3,104,10
3,105,11
3,106,11
3,107,10
3,108,11
3,109,11
3,110,11
3,111,11
3,112,11
3,113,11
3,114,11
3,115,11
3,116,11
3,117,10
3,118,11
3,119,11
3,120,11
3,121,11
3,122,11
3,123,11
3,124,10
3,125,10
3,126,11
3,127,11
3,128,10
3,129,11
3,130,11
3,131,11
3,132,11
3,133,11
3,134,11
3,135,11
3,136,11
3,137,10
3,138,11
3,139,10
3,140,11
3,141,11
3,142,11
3,143,10
3,144,11
3,145,11
3,146,11
3,147,11
3,148,10
3,149,11
3,150,11
3,151,11
3,152,10
3,153,11
3,154,10
3,155,11
3,156,10
3,157,10
3,158,10
3,159,11
3,160,11
3,161,10
3,162,11
3,163,10
3,164,10
3,165,10
3,166,10
3,167,10
3,168,11
3,169,11
3,170,10
3,171,11
3,172,10
3,173,11
3,174,11
3,175,11
3,176,11
3,177,10
3,178,11
3,179,11
3,180,10
3,181,10
3,182,11
3,183,11
3,184,10
3,185,11
3,186,11
3,187,11
3,188,11
3,189,11
3,190,11
3,191,10
3,192,10
3,193,10
3,194,11
3,195,11
3,196,11
3,197,11
3,198,11
3,199,11
3,200,11
3,201,11
3,202,10
3,203,11
3,204,11
3,205,11
3,206,11
3,207,11
3,208,11
3,209,11
3,210,11
3,211,10
3,212,11
3,213,11
3,214,11
3,215,10
3,216,11
3,217,10
3,218,10
3,219,10
3,220,11
3,221,11
3,222,11
3,223,11
3,224,11
3,225,10
3,226,11
3,227,11
3,228,11
3,229,11
3,230,11
3,231,10
3,232,11
3,233,10
3,234,11
3,235,11
3,236,11
3,237,11
3,238,11
3,239,11
3,240,10
3,241,11
3,242,10
3,243,11
3,244,11
3,245,11
3,246,10
3,247,10
3,248,11
3,249,11
3,250,11
3,251,11
3,252,11
3,253,11
3,254,11
3,255,11
3,256,10
3,257,11
3,258,11
3,259,11
3,260,10
3,261,11
3,262,11
3,263,10
3,264,10
3,265,10
3,266,11
3,267,11
3,268,11
3,269,10
3,270,10
3,271,10
3,272,10
3,273,10
3,274,10
3,275,11
3,276,11
3,277,11
3,278,11
3,279,11
3,280,11
3,281,11
3,282,11
3,283,10
3,284,11
3,285,10
3,286,11
3,287,10
3,288,11
3,289,11
3,290,10
3,291,11
3,292,11
3,293,11
3,294,11
3,295,11
3,296,11
3,297,11
3,298,11
3,299,11
3,300,11
3,301,10
3,302,11
3,303,10
3,304,10
3,305,10
3,306,11
3,307,10
3,308,10
3,309,10
3,310,11
3,311,10
3,312,10
3,313,11
3,314,11
3,315,11
3,316,11
3,317,11
3,318,11
3,319,11
3,320,11
3,321,10
3,322,11
3,323,11
3,324,11
3,325,11
3,326,10
3,327,11
3,328,11
3,329,11
3,330,11
3,331,10
3,332,11
3,333,11
3,334,11
3,335,11
3,336,11
3,337,10
3,338,11
3,339,11
3,340,11
3,341,11
3,342,11
3,343,11
3,344,11
3,345,10
3,346,10
3,347,10
3,348,11
3,349,11
3,350,10
3,351,11
3,352,11
3,353,11
3,354,11
3,355,11
3,356,11
3,357,11
3,358,11
3,359,10
3,360,11
3,361,11
3,362,11
3,363,10
3,364,10
3,365,10
3,366,11
3,367,10
3,368,10
3,369,11
3,370,10
3,371,11
3,372,11
3,373,11
3,374,11
3,375,11
3,376,11
3,377,11
3,378,10
3,379,11
3,380,11
3,381,11
3,382,10
3,383,11
3,384,10
3,385,11
3,386,11
3,387,11
3,388,11
3,389,11
3,390,10
3,391,11
3,392,11
3,393,10
3,394,11
3,395,10
3,396,11
3,397,10
3,398,10
3,399,11
3,400,11
3,401,12
3,402,11
3,403,10
3,404,10
3,405,11
3,406,11
3,407,11
3,408,11
3,409,11
3,410,11
3,411,11
3,412,11
3,413,11
3,414,10
3,415,11
3,416,11
3,417,11
3,418,10
3,419,11
3,420,11
3,421,11
3,422,11
3,423,11
3,424,11
3,425,10
3,426,10
3,427,10
3,428,10
3,429,11
3,430,11
3,431,10
3,432,10
3,433,11
3,434,10
3,435,11
3,436,11
3,437,11
3,438,11
3,439,11
3,440,10
3,441,10
3,442,11
3,443,11
3,444,11
3,445,11
3,446,11
3,447,11
3,448,11
3,449,11
3,450,11
3,451,10
3,452,10
3,453,11
3,454,10
3,455,11
3,456,11
3,457,11
3,458,11
3,459,11
3,460,10
3,461,10
3,462,11
3,463,10
3,464,11
3,465,10
3,466,11
3,467,11
3,468,11
3,469,11
3,470,11
3,471,10
3,472,11
3,473,11
3,474,11
3,475,10
3,476,10
3,477,11
3,478,11
3,479,11
3,480,11
3,481,10
3,482,11
3,483,11
3,484,11
3,485,11
3,486,11
3,487,10
3,488,10
3,489,11
3,490,11
3,491,11
3,492,11
3,493,11
3,494,10
3,495,11
3,496,11
3,497,11
3,498,11
3,499,11
3,500,10
3,501,11
3,502,10
3,503,10
3,504,10
3,505,10
3,506,11
3,507,11
3,508,11
3,509,11
3,510,11
3,511,10
3,512,11
3,513,11
3,514,11
3,515,10
3,516,11
3,517,11
3,518,11
3,519,11
3,520,10
3,521,11
3,522,11
3,523,11
3,524,11
3,525,11
3,526,11
3,527,11
3,528,10
3,529,11
3,530,11
3,531,10
3,532,11
3,533,11
3,534,11
3,535,11
3,536,10
3,537,10
3,538,11
3,539,11
3,540,10
3,541,11
3,542,11
3,543,12
3,544,10
3,545,10
3,546,10
3,547,10
3,548,11
3,549,10
3,550,11
3,551,11
3,552,11
3,553,11
3,554,11
3,555,11
3,556,10
3,557,11
3,558,11
3,559,11
3,560,11
3,561,11
3,562,11
3,563,11
3,564,11
3,565,10
3,566,11
3,567,11
3,568,11
3,569,10
3,570,11
3,571,11
3,572,11
3,573,11
3,574,10
3,575,11
3,576,10
3,577,11
3,578,11
3,579,11
3,580,10
3,581,11
3,582,10
3,583,11
3,584,11
3,585,11
3,586,11
3,587,10
3,588,11
3,589,11
3,590,10
3,591,10
3,592,11
3,593,10
3,594,11
3,595,11
3,596,10
3,597,10
3,598,11
3,599,11
3,600,11
3,601,11
3,602,10
3,603,11
3,604,10
3,605,11
3,606,11
3,607,10
3,608,11
3,609,11
3,610,10
3,611,10
3,612,11
3,613,10
3,614,10
3,615,10
3,616,10
3,617,10
3,618,10
3,619,11
3,620,11
3,621,11
3,622,11
3,623,11
3,624,10
3,625,10
3,626,11
3,627,10
3,628,10
3,629,10
3,630,10
3,631,10
3,632,11
3,633,11
3,634,10
3,635,11
3,636,10
3,637,10
3,638,10
3,639,11
3,640,11
3,641,11
3,642,11
3,643,11
3,644,10
3,645,10
3,646,11
3,647,11
3,648,11
3,649,11
3,650,11
3,651,11
3,652,11
3,653,10
3,654,10
3,655,10
3,656,11
3,657,11
3,658,11
3,659,11
3,660,11
3,661,10
3,662,10
3,663,11
3,664,11
3,665,10
3,666,11
3,667,10
3,668,11
3,669,10
3,670,11
3,671,11
3,672,11
3,673,11
3,674,11
3,675,10
3,676,10
3,677,11
3,678,10
3,679,11
3,680,10
3,681,11
3,682,11
3,683,10
3,684,11
3,685,11
3,686,10
3,687,11
3,688,11
3,689,11
3,690,10
3,691,11
3,692,10
3,693,11
3,694,11
3,695,11
3,696,11
3,697,10
3,698,11
3,699,11
3,700,10
3,701,11
3,702,11
3,703,10
3,704,10
3,705,11
3,706,10
3,707,11
3,708,10
3,709,11
3,710,11
3,711,11
3,712,11
3,713,11
3,714,11
3,715,11
3,716,11
3,717,11
3,718,10
3,719,10
3,720,10
3,721,11
3,722,10
3,723,10
3,724,11
3,725,10
3,726,11
3,727,11
3,728,10
3,729,10
3,730,11
3,731,10
3,732,10
3,733,10
3,734,11
3,735,10
3,736,11
3,737,10
3,738,11
3,739,10
3,740,11
3,741,11
3,742,10
3,743,10
3,744,11
3,745,11
3,746,11
3,747,11
3,748,11
3,749,11
3,750,11
3,751,11
3,752,11
3,753,11
3,754,11
3,755,11
3,756,10
3,757,11
3,758,11
3,759,11
3,760,11
3,761,11
3,762,11
3,763,11
3,764,11
3,765,10
3,766,11
3,767,11
3,768,11
3,769,10
3,770,11
3,771,11
3,772,11
3,773,11
3,774,11
3,775,11
3,776,11
3,777,11
3,778,11
3,779,11
3,780,10
3,781,11
3,782,11
3,783,11
3,784,11
3,785,11
3,786,11
3,787,10
3,788,11
3,789,10
3,790,11
3,791,10
3,792,11
3,793,11
3,794,11
3,795,11
3,796,11
3,797,11
3,798,11
3,799,11
3,800,10
3,801,11
3,802,11
3,803,10
3,804,10
3,805,11
3,806,11
3,807,11
3,808,11
3,809,11
3,810,11
3,811,10
3,812,11
3,813,11
3,814,10
3,815,11
3,816,10
3,817,11
3,818,10
3,819,11
3,820,10
3,821,11
3,822,11
3,823,10
3,824,10
3,825,11
3,826,11
3,827,11
3,828,10
3,829,11
3,830,11
3,831,11
3,832,11
3,833,11
3,834,11
3,835,10
3,836,11
3,837,11
3,838,11
3,839,11
3,840,11
3,841,11
3,842,11
3,843,11
3,844,11
3,845,10
3,846,11
3,847,11
3,848,11
3,849,11
3,850,11
3,851,11
3,852,11
3,853,11
3,854,10
3,855,11
3,856,11
3,857,11
3,858,11
3,859,11
3,860,11
3,861,10
3,862,10
3,863,11
3,864,11
3,865,12
3,866,10
3,867,11
3,868,11
3,869,11
3,870,11
3,871,11
3,872,11
3,873,10
3,874,11
3,875,11
3,876,10
3,877,11
3,878,11
3,879,11
3,880,11
3,881,11
3,882,10
3,883,11
3,884,11
3,885,11
3,886,10
3,887,11
3,888,11
3,889,11
3,890,11
3,891,11
3,892,11
3,893,11
3,894,10
3,895,11
3,896,11
3,897,11
3,898,11
3,899,11
3,900,10
3,901,10
3,902,11
3,903,11
3,904,10
3,905,11
3,906,10
3,907,11
3,908,11
3,909,10
3,910,11
3,911,11
3,912,11
3,913,11
3,914,11
3,915,11
3,916,11
3,917,11
3,918,10
3,919,11
3,920,11
3,921,11
3,922,11
3,923,10
3,924,11
3,925,10
3,926,10
3,927,11
3,928,11
3,929,11
3,930,10
3,931,11
3,932,10
3,933,10
3,934,11
3,935,10
3,936,11
3,937,10
3,938,11
3,939,11
3,940,11
3,941,11
3,942,10
3,943,11
3,944,11
3,945,11
3,946,11
3,947,11
3,948,11
3,949,11
3,950,11
3,951,11
3,952,11
3,953,11
3,954,10
3,955,11
3,956,11
3,957,11
3,958,11
3,959,10
3,960,10
3,961,11
3,962,10
3,963,11
3,964,10
3,965,10
3,966,11
3,967,11
3,968,11
3,969,11
3,970,11
3,971,11
3,972,11
3,973,11
3,974,11
3,975,11
3,976,11
3,977,12
3,978,10
3,979,10
3,980,10
3,981,10
3,982,11
3,983,11
3,984,11
3,985,11
3,986,11
3,987,10
3,988,10
3,989,10
3,990,10
3,991,10
3,992,10
3,993,10
3,994,10
3,995,10
3,996,10
3,997,10
3,998,10
3,999,12
3,1000,11
3,1001,11
3,1002,11
3,1003,11
3,1004,10
3,1005,11
3,1006,10
3,1007,10
3,1008,10
3,1009,11
3,1010,10
3,1011,11
3,1012,11
3,1013,10
3,1014,11
3,1015,11
3,1016,11
3,1017,10
3,1018,10
3,1019,11
3,1020,11
3,1021,11
3,1022,11
3,1023,11
3,1024,11
3,1025,11
3,1026,11
3,1027,11
3,1028,11
3,1029,11
3,1030,10
3,1031,11
3,1032,11
3,1033,11
3,1034,11
3,1035,11
3,1036,11
3,1037,11
3,1038,11
3,1039,11
3,1040,11
3,1041,11
3,1042,10
3,1043,11
3,1044,11
3,1045,11
3,1046,11
3,1047,10
3,1048,10
3,1049,11
3,1050,11
3,1051,11
3,1052,10
3,1053,11
3,1054,11
3,1055,11
3,1056,11
3,1057,10
3,1058,11
3,1059,11
3,1060,10
3,1061,11
3,1062,10
3,1063,10
3,1064,11
3,1065,11
3,1066,11
3,1067,11
3,1068,11
3,1069,11
3,1070,9
3,1071,11
3,1072,11
3,1073,11
3,1074,11
3,1075,11
3,1076,11
3,1077,10
3,1078,11
3,1079,10
3,1080,11
3,1081,11
3,1082,10
3,1083,11
3,1084,10
3,1085,11
3,1086,11
3,1087,10
3,1088,11
3,1089,10
3,1090,11
3,1091,11
3,1092,10
3,1093,10
3,1094,11
3,1095,11
3,1096,11
3,1097,11
3,1098,11
3,1099,11
3,1100,11
3,1101,11
3,1102,11
3,1103,11
3,1104,11
3,1105,11
3,1106,11
3,1107,10
3,1108,11
3,1109,11
3,1110,11
3,1111,11
3,1112,11
3,1113,11
3,1114,11
3,1115,11
3,1116,11
3,1117,11
3,1118,11
3,1119,11
3,1120,10
3,1121,11
3,1122,10
3,1123,11
3,1124,10
3,1125,11
3,1126,10
3,1127,10
3,1128,11
3,1129,11
3,1130,11
3,1131,11
3,1132,10
3,1133,10
3,1134,10
3,1135,11
3,1136,10
3,1137,10
3,1138,11
3,1139,11
3,1140,11
3,1141,11
3,1142,11
3,1143,10
3,1144,11
3,1145,10
3,1146,11
3,1147,10
3,1148,11
3,1149,10
3,1150,11
3,1151,10
3,1152,11
3,1153,10
3,1154,11
3,1155,11
3,1156,11
3,1157,10
3,1158,11
3,1159,10
3,1160,11
3,1161,11
3,1162,11
3,1163,11
3,1164,11
3,1165,10
3,1166,11
3,1167,11
3,1168,11
3,1169,10
3,1170,11
3,1171,11
3,1172,11
3,1173,11
3,1174,10
3,1175,10
3,1176,11
3,1177,11
3,1178,11
3,1179,11
3,1180,11
3,1181,11
3,1182,11
3,1183,10
3,1184,11
3,1185,10
3,1186,11
3,1187,10
3,1188,11
3,1189,11
3,1190,11
3,1191,11
3,1192,11
3,1193,11
3,1194,11
3,1195,11
3,1196,11
3,1197,11
3,1198,10
3,1199,11
3,1200,11
3,1201,11
3,1202,11
3,1203,11
3,1204,11
3,1205,11
3,1206,11
3,1207,11
3,1208,10
3,1209,10
3,1210,10
3,1211,11
3,1212,11
3,1213,10
3,1214,11
3,1215,11
3,1216,11
3,1217,11
3,1218,11
3,1219,11
3,1220,11
3,1221,10
3,1222,11
3,1223,11
3,1224,11
3,1225,11
3,1226,11
3,1227,11
3,1228,11
3,1229,11
3,1230,10
3,1231,10
3,1232,11
3,1233,11
3,1234,11
3,1235,11
3,1236,11
3,1237,11
3,1238,11
3,1239,11
3,1240,11
3,1241,11
3,1242,11
3,1243,11
3,1244,11
3,1245,11
3,1246,10
3,1247,10
3,1248,11
3,1249,11
3,1250,10
3,1251,11
3,1252,11
3,1253,11
3,1254,10
3,1255,10
3,1256,11
3,1257,11
3,1258,11
3,1259,11
3,1260,11
3,1261,11
3,1262,11
3,1263,11
3,1264,10
3,1265,11
3,1266,10
3,1267,11
3,1268,10
3,1269,10
3,1270,10
3,1271,11
3,1272,11
3,1273,11
3,1274,11
3,1275,11
3,1276,10
3,1277,11
3,1278,10
3,1279,10
3,1280,11
3,1281,10
3,1282,11
3,1283,11
3,1284,11
3,1285,11
3,1286,10
3,1287,10
3,1288,11
3,1289,11
3,1290,10
3,1291,11
3,1292,11
3,1293,11
3,1294,11
3,1295,10
3,1296,10
3,1297,11
3,1298,11
3,1299,11
3,1300,10
3,1301,11
3,1302,10
3,1303,11
3,1304,11
3,1305,11
3,1306,11
3,1307,11
3,1308,11
3,1309,11
3,1310,10
3,1311,11
3,1312,11
3,1313,11
3,1314,10
3,1315,11
3,1316,11
3,1317,11
3,1318,10
3,1319,10
3,1320,11
3,1321,10
3,1322,11
3,1323,11
3,1324,10
3,1325,10
3,1326,10
3,1327,10
3,1328,10
3,1329,11
3,1330,11
3,1331,10
3,1332,11
3,1333,11
3,1334,11
3,1335,11
3,1336,10
3,1337,10
3,1338,10
3,1339,11
3,1340,11
3,1341,10
3,1342,10
3,1343,10
3,1344,11
3,1345,10
3,1346,11
3,1347,11
3,1348,11
3,1349,11
3,1350,11
3,1351,10
3,1352,10
3,1353,10
3,1354,11
3,1355,11
3,1356,11
3,1357,11
3,1358,11
3,1359,11
3,1360,10
3,1361,10
3,1362,10
3,1363,10
3,1364,10
3,1365,11
3,1366,11
3,1367,11
3,1368,11
3,1369,10
3,1370,11
3,1371,11
3,1372,10
3,1373,11
3,1374,11
3,1375,10
3,1376,10
3,1377,10
3,1378,11
3,1379,11
3,1380,11
3,1381,11
3,1382,11
3,1383,11
3,1384,10
3,1385,10
3,1386,10
3,1387,11
3,1388,11
3,1389,11
3,1390,11
3,1391,11
3,1392,11
3,1393,10
3,1394,11
3,1395,11
3,1396,11
3,1397,11
3,1398,10
3,1399,11
3,1400,11
3,1401,11
3,1402,10
3,1403,11
3,1404,10
3,1405,11
3,1406,11
3,1407,10
3,1408,11
3,1409,11
3,1410,10
3,1411,11
3,1412,10
3,1413,10
3,1414,10
3,1415,11
3,1416,11
3,1417,11
3,1418,11
3,1419,11
3,1420,10
3,1421,11
3,1422,11
3,1423,11
3,1424,11
3,1425,11
3,1426,11
3,1427,11
3,1428,11
3,1429,11
3,1430,11
3,1431,11
3,1432,11
3,1433,10
3,1434,10
3,1435,10
3,1436,11
3,1437,11
3,1438,11
3,1439,10
3,1440,11
3,1441,10
3,1442,11
3,1443,11
3,1444,11
3,1445,10
3,1446,11
3,1447,11
3,1448,11
3,1449,11
3,1450,11
3,1451,10
3,1452,11
3,1453,11
3,1454,11
3,1455,11
3,1456,11
3,1457,11
3,1458,11
3,1459,11
3,1460,11
3,1461,10
3,1462,10
3,1463,11
3,1464,11
3,1465,11
3,1466,11
3,1467,11
3,1468,11
3,1469,11
3,1470,11
3,1471,11
3,1472,11
3,1473,11
3,1474,10
3,1475,12
3,1476,11
3,1477,11
3,1478,11
3,1479,11
3,1480,11
3,1481,11
3,1482,11
3,1483,10
3,1484,10
3,1485,11
3,1486,10
3,1487,11
3,1488,10
3,1489,11
3,1490,11
3,1491,10
3,1492,11
3,1493,11
3,1494,11
3,1495,11
3,1496,11
3,1497,11
3,1498,10
3,1499,11
3,1500,11
3,1501,11
3,1502,11
3,1503,11
3,1504,11
3,1505,10
3,1506,11
3,1507,11
3,1508,11
3,1509,11
3,1510,11
3,1511,10
3,1512,10
3,1513,11
3,1514,11
3,1515,11
3,1516,10
3,1517,11
3,1518,10
3,1519,10
3,1520,11
3,1521,10
3,1522,10
3,1523,10
3,1524,10
3,1525,11
3,1526,11
3,1527,10
3,1528,11
3,1529,11
3,1530,11
3,1531,11
3,1532,11
3,1533,10
3,1534,11
3,1535,11
3,1536,11
3,1537,11
3,1538,11
3,1539,11
3,1540,11
3,1541,10
3,1542,11
3,1543,11
3,1544,10
3,1545,11
3,1546,11
3,1547,11
3,1548,11
3,1549,11
3,1550,11
3,1551,10
3,1552,11
3,1553,11
3,1554,11
3,1555,11
3,1556,11
3,1557,11
3,1558,11
3,1559,11
3,1560,11
3,1561,11
3,1562,11
3,1563,10
3,1564,11
3,1565,11
3,1566,11
3,1567,11
3,1568,11
3,1569,11
3,1570,11
3,1571,10
3,1572,10
3,1573,10
3,1574,11
3,1575,11
3,1576,11
3,1577,11
3,1578,11
3,1579,11
3,1580,11
3,1581,10
3,1582,11
3,1583,11
3,1584,11
3,1585,11
3,1586,11
3,1587,10
3,1588,11
3,1589,10
3,1590,10
3,1591,10
3,1592,12
3,1593,11
3,1594,12
3,1595,10
3,1596,10
3,1597,11
3,1598,10
3,1599,11
3,1600,10
3,1601,11
3,1602,11
3,1603,10
3,1604,11
3,1605,10
3,1606,10
3,1607,11
3,1608,11
3,1609,10
3,1610,11
3,1611,11
3,1612,11
3,1613,11
3,1614,11
3,1615,11
3,1616,10
3,1617,11
3,1618,10
3,1619,10
3,1620,10
3,1621,10
3,1622,11
3,1623,11
3,1624,10
3,1625,11
3,1626,10
3,1627,10
3,1628,11
3,1629,10
3,1630,11
3,1631,10
3,1632,10
3,1633,10
3,1634,10
3,1635,11
3,1636,11
3,1637,11
3,1638,11
3,1639,11
3,1640,11
3,1641,11
3,1642,11
3,1643,11
3,1644,11
3,1645,11
3,1646,11
3,1647,10
3,1648,11
3,1649,10
3,1650,11
3,1651,11
3,1652,10
3,1653,10
3,1654,11
3,1655,11
3,1656,11
3,1657,11
3,1658,11
3,1659,11
3,1660,11
3,1661,10
3,1662,11
3,1663,10
3,1664,11
3,1665,10
3,1666,11
3,1667,11
3,1668,11
3,1669,11
3,1670,11
3,1671,11
3,1672,10
3,1673,11
3,1674,11
3,1675,10
3,1676,11
3,1677,10
3,1678,11
3,1679,11
3,1680,11
3,1681,11
3,1682,11
3,1683,10
3,1684,10
3,1685,10
3,1686,10
3,1687,10
3,1688,11
3,1689,11
3,1690,11
3,1691,11
3,1692,11
3,1693,10
3,1694,10
3,1695,10
3,1696,11
3,1697,11
3,1698,10
3,1699,10
3,1700,10
3,1701,11
3,1702,11
3,1703,10
3,1704,10
3,1705,10
3,1706,10
3,1707,11
3,1708,11
3,1709,11
3,1710,11
3,1711,10
3,1712,10
3,1713,10
3,1714,11
3,1715,12
3,1716,11
3,1717,11
3,1718,10
3,1719,11
3,1720,10
3,1721,11
3,1722,11
3,1723,11
3,1724,11
3,1725,11
3,1726,10
3,1727,10
3,1728,11
3,1729,11
3,1730,10
3,1731,11
3,1732,11
3,1733,10
3,1734,11
3,1735,11
3,1736,10
3,1737,11
3,1738,10
3,1739,10
3,1740,11
3,1741,11
3,1742,11
3,1743,11
3,1744,10
3,1745,11
3,1746,11
3,1747,11
3,1748,11
3,1749,10
3,1750,10
3,1751,11
3,1752,11
3,1753,11
3,1754,10
3,1755,10
3,1756,10
3,1757,10
3,1758,11
3,1759,11
3,1760,10
3,1761,10
3,1762,11
3,1763,11
3,1764,11
3,1765,11
3,1766,10
3,1767,11
3,1768,11
3,1769,11
3,1770,11
3,1771,11
3,1772,11
3,1773,11
3,1774,11
3,1775,11
3,1776,10
3,1777,11
3,1778,10
3,1779,10
3,1780,11
3,1781,11
3,1782,11
3,1783,11
3,1784,11
3,1785,10
3,1786,10
3,1787,11
3,1788,10
3,1789,10
3,1790,11
3,1791,11
3,1792,10
3,1793,11
3,1794,11
3,1795,11
3,1796,11
3,1797,11
3,1798,11
3,1799,10
3,1800,10
3,1801,11
3,1802,11
3,1803,11
3,1804,10
3,1805,11
3,1806,11
3,1807,11
3,1808,10
3,1809,11
3,1810,11
3,1811,11
3,1812,11
3,1813,11
3,1814,10
3,1815,11
3,1816,11
3,1817,11
3,1818,10
3,1819,11
3,1820,11
3,1821,11
3,1822,11
3,1823,11
3,1824,12
3,1825,10
3,1826,11
3,1827,10
3,1828,11
3,1829,11
3,1830,12
3,1831,11
3,1832,11
3,1833,11
3,1834,11
3,1835,11
3,1836,11
3,1837,11
3,1838,10
3,1839,10
3,1840,10
3,1841,11
3,1842,11
3,1843,11
3,1844,11
3,1845,11
3,1846,11
3,1847,12
3,1848,10
3,1849,10
3,1850,10
3,1851,11
3,1852,11
3,1853,11
3,1854,11
3,1855,10
3,1856,10
3,1857,10
3,1858,11
3,1859,10
3,1860,10
3,1861,10
3,1862,11
3,1863,10
3,1864,10
3,1865,11
3,1866,11
3,1867,11
3,1868,11
3,1869,11
3,1870,10
3,1871,11
3,1872,11
3,1873,11
3,1874,11
3,1875,11
3,1876,10
3,1877,11
3,1878,11
3,1879,10
3,1880,11
3,1881,11
3,1882,11
3,1883,11
3,1884,11
3,1885,10
3,1886,11
3,1887,11
3,1888,10
3,1889,11
3,1890,10
3,1891,12
3,1892,11
3,1893,11
3,1894,11
3,1895,11
3,1896,11
3,1897,11
3,1898,10
3,1899,11
3,1900,11
3,1901,11
3,1902,11
3,1903,10
3,1904,10
3,1905,10
3,1906,10
3,1907,11
3,1908,10
3,1909,11
3,1910,10
3,1911,10
3,1912,10
3,1913,11
3,1914,11
3,1915,10
3,1916,11
3,1917,10
3,1918,11
3,1919,11
3,1920,10
3,1921,11
3,1922,11
3,1923,11
3,1924,11
3,1925,11
3,1926,11
3,1927,11
3,1928,11
3,1929,11
3,1930,11
3,1931,11
3,1932,11
3,1933,10
3,1934,11
3,1935,11
3,1936,11
3,1937,10
3,1938,11
3,1939,11
3,1940,10
3,1941,11
3,1942,10
3,1943,11
3,1944,10
3,1945,10
3,1946,11
3,1947,11
3,1948,10
3,1949,10
3,1950,11
3,1951,11
3,1952,11
3,1953,11
3,1954,10
3,1955,11
3,1956,11
3,1957,11
3,1958,11
3,1959,10
3,1960,11
3,1961,11
3,1962,10
3,1963,10
3,1964,10
3,1965,11
3,1966,11
3,1967,11
3,1968,11
3,1969,11
3,1970,11
3,1971,11
3,1972,11
3,1973,11
3,1974,11
3,1975,11
3,1976,10
3,1977,11
3,1978,10
3,1979,11
3,1980,10
3,1981,11
3,1982,11
3,1983,11
3,1984,10
3,1985,11
3,1986,10
3,1987,11
3,1988,10
3,1989,10
3,1990,11
3,1991,11
3,1992,10
3,1993,12
3,1994,10
3,1995,11
3,1996,11
3,1997,11
3,1998,10
3,1999,10
