person_id,age,high_contact,quarantine,age_std
1,39,0,0,-0.1436113557231096
2,58,0,1,1.0929214654577453
3,43,1,0,0.1167113434728598
4,73,1,0,2.0691315874426306
5,68,0,0,1.7437282134476688
6,20,0,0,-1.3801441769039644
7,33,0,1,-0.5340954045170637
8,51,1,1,0.6373567418647987
9,39,1,1,-0.1436113557231096
10,58,0,1,1.0929214654577453
11,48,1,1,0.4421147174678216
12,51,0,0,0.6373567418647987
13,47,0,0,0.3770340426688293
14,26,1,1,-0.9896601281100104
15,73,1,0,2.0691315874426306
16,24,0,0,-1.119821477707995
17,23,0,0,-1.1849021525069874
18,18,0,0,-1.5103055265019492
19,32,0,0,-0.5991760793160561
20,18,1,1,-1.5103055265019492
21,46,0,0,0.3119533678698369
22,39,1,1,-0.1436113557231096
23,72,0,0,2.0040509126436383
24,42,1,1,0.0516306686738674
25,30,0,0,-0.7293374289140407
26,33,0,0,-0.5340954045170637
27,19,0,0,-1.445224851702957
28,20,1,1,-1.3801441769039644
29,43,1,0,0.1167113434728598
30,37,0,1,-0.2737727053210943
31,53,0,0,0.7675180914627834
32,34,0,0,-0.4690147297180713
33,30,0,1,-0.7293374289140407
34,40,0,0,-0.0785306809241172
35,41,0,0,-0.0134500061251248
36,51,0,0,0.6373567418647987
37,68,0,0,1.7437282134476688
38,38,0,0,-0.2086920305221019
39,34,0,0,-0.4690147297180713
40,46,0,1,0.3119533678698369
41,29,1,1,-0.7944181037130331
42,53,1,1,0.7675180914627834
43,65,0,0,1.5484861890506916
44,23,0,0,-1.1849021525069874
45,51,0,0,0.6373567418647987
46,55,0,0,0.8976794410607681
47,65,0,0,1.5484861890506916
48,45,0,1,0.2468726930708445
49,47,0,0,0.3770340426688293
50,59,1,0,1.1580021402567375
51,70,0,0,1.8738895630456531
52,55,0,1,0.8976794410607681
53,50,0,0,0.5722760670658064
54,42,0,0,0.0516306686738674
55,49,0,0,0.507195392266814
56,67,1,0,1.6786475386486763
57,41,1,1,-0.0134500061251248
58,63,0,0,1.418324839452707
59,28,0,0,-0.8594987785120255
60,24,0,0,-1.119821477707995
61,62,0,0,1.3532441646537146
62,32,1,1,-0.5991760793160561
63,19,0,0,-1.445224851702957
64,38,1,0,-0.2086920305221019
65,37,0,1,-0.2737727053210943
66,62,0,0,1.3532441646537146
67,56,0,0,0.9627601158597604
68,46,0,0,0.3119533678698369
69,60,0,0,1.2230828150557298
70,64,1,1,1.4834055142516993
71,55,0,0,0.8976794410607681
72,38,0,0,-0.2086920305221019
73,45,1,1,0.2468726930708445
74,34,0,0,-0.4690147297180713
75,41,0,0,-0.0134500061251248
76,25,1,1,-1.0547408029090026
77,24,0,1,-1.119821477707995
78,46,0,0,0.3119533678698369
79,30,0,0,-0.7293374289140407
80,41,0,0,-0.0134500061251248
81,50,0,0,0.5722760670658064
82,52,1,0,0.702437416663791
83,46,0,0,0.3119533678698369
84,42,0,0,0.0516306686738674
85,36,0,0,-0.3388533801200866
86,56,1,0,0.9627601158597604
87,66,0,0,1.613566863849684
88,62,0,0,1.3532441646537146
89,41,1,0,-0.0134500061251248
90,79,0,0,2.4596156362365846
91,40,0,0,-0.0785306809241172
92,55,1,1,0.8976794410607681
93,28,0,0,-0.8594987785120255
94,30,0,0,-0.7293374289140407
95,42,0,1,0.0516306686738674
96,18,1,1,-1.5103055265019492
97,36,1,1,-0.3388533801200866
98,61,0,1,1.2881634898547225
99,39,1,1,-0.1436113557231096
100,38,1,0,-0.2086920305221019
101,46,0,0,0.3119533678698369
102,29,0,1,-0.7944181037130331
103,46,0,1,0.3119533678698369
104,48,0,0,0.4421147174678216
105,33,1,0,-0.5340954045170637
106,27,0,0,-0.924579453311018
107,43,0,1,0.1167113434728598
108,24,0,0,-1.119821477707995
109,52,1,1,0.702437416663791
110,50,1,0,0.5722760670658064
111,25,0,0,-1.0547408029090026
112,24,1,0,-1.119821477707995
113,38,0,0,-0.2086920305221019
114,18,0,0,-1.5103055265019492
115,18,0,0,-1.5103055265019492
116,34,0,1,-0.4690147297180713
117,57,0,0,1.0278407906587528
118,43,0,0,0.1167113434728598
119,38,0,1,-0.2086920305221019
120,70,1,1,1.8738895630456531
121,35,0,0,-0.403934054919079
122,45,0,1,0.2468726930708445
123,46,0,0,0.3119533678698369
124,64,1,0,1.4834055142516993
125,27,0,0,-0.924579453311018
126,30,0,0,-0.7293374289140407
127,45,1,0,0.2468726930708445
128,37,1,1,-0.2737727053210943
129,46,0,0,0.3119533678698369
130,50,1,1,0.5722760670658064
131,82,1,1,2.654857660633562
132,40,1,1,-0.0785306809241172
133,39,1,1,-0.1436113557231096
134,27,0,0,-0.924579453311018
135,31,1,1,-0.6642567541150485
136,54,0,0,0.8325987662617758
137,52,1,1,0.702437416663791
138,20,0,0,-1.3801441769039644
139,29,0,0,-0.7944181037130331
140,34,1,0,-0.4690147297180713
141,38,0,0,-0.2086920305221019
142,38,0,0,-0.2086920305221019
143,28,0,0,-0.8594987785120255
144,42,0,0,0.0516306686738674
145,54,0,0,0.8325987662617758
146,54,0,0,0.8325987662617758
147,35,1,1,-0.403934054919079
148,55,0,0,0.8976794410607681
149,18,0,0,-1.5103055265019492
150,40,0,0,-0.0785306809241172
151,55,0,0,0.8976794410607681
152,44,0,0,0.1817920182718521
153,18,0,0,-1.5103055265019492
154,26,0,0,-0.9896601281100104
155,21,0,0,-1.315063502104972
156,58,0,0,1.0929214654577453
157,38,0,0,-0.2086920305221019
158,36,0,0,-0.3388533801200866
159,41,1,0,-0.0134500061251248
160,54,0,0,0.8325987662617758
161,26,0,0,-0.9896601281100104
162,27,0,0,-0.924579453311018
163,19,1,1,-1.445224851702957
164,54,0,0,0.8325987662617758
165,20,0,0,-1.3801441769039644
166,18,1,1,-1.5103055265019492
167,44,0,0,0.1817920182718521
168,63,0,0,1.418324839452707
169,39,0,0,-0.1436113557231096
170,31,0,0,-0.6642567541150485
171,38,0,0,-0.2086920305221019
172,48,1,1,0.4421147174678216
173,33,1,0,-0.5340954045170637
174,51,0,0,0.6373567418647987
175,48,0,0,0.4421147174678216
176,69,1,1,1.808808888246661
177,43,1,1,0.1167113434728598
178,85,1,0,2.8500996850305387
179,42,1,1,0.0516306686738674
180,26,1,1,-0.9896601281100104
181,29,0,0,-0.7944181037130331
182,57,1,1,1.0278407906587528
183,22,0,0,-1.2499828273059796
184,26,0,0,-0.9896601281100104
185,50,1,1,0.5722760670658064
186,43,0,0,0.1167113434728598
187,50,0,0,0.5722760670658064
188,61,1,1,1.2881634898547225
189,27,0,0,-0.924579453311018
190,52,0,0,0.702437416663791
191,62,0,0,1.3532441646537146
192,50,1,0,0.5722760670658064
193,85,0,0,2.8500996850305387
194,53,1,1,0.7675180914627834
195,69,0,0,1.808808888246661
196,32,0,1,-0.5991760793160561
197,18,0,0,-1.5103055265019492
198,46,0,0,0.3119533678698369
199,41,0,0,-0.0134500061251248
200,47,0,0,0.3770340426688293
201,18,0,0,-1.5103055265019492
202,37,0,0,-0.2737727053210943
203,37,1,0,-0.2737727053210943
204,18,1,1,-1.5103055265019492
205,39,1,1,-0.1436113557231096
206,56,1,1,0.9627601158597604
207,57,0,0,1.0278407906587528
208,73,0,1,2.0691315874426306
209,47,0,0,0.3770340426688293
210,18,0,0,-1.5103055265019492
211,26,0,1,-0.9896601281100104
212,50,0,0,0.5722760670658064
213,59,0,0,1.1580021402567375
214,59,0,0,1.1580021402567375
215,18,0,0,-1.5103055265019492
216,28,0,0,-0.8594987785120255
217,39,0,0,-0.1436113557231096
218,18,0,0,-1.5103055265019492
219,55,1,1,0.8976794410607681
220,18,0,0,-1.5103055265019492
221,38,0,0,-0.2086920305221019
222,26,0,0,-0.9896601281100104
223,21,1,1,-1.315063502104972
224,45,0,0,0.2468726930708445
225,44,0,0,0.1817920182718521
226,55,0,0,0.8976794410607681
227,48,0,0,0.4421147174678216
228,26,0,0,-0.9896601281100104
229,27,1,1,-0.924579453311018
230,18,1,1,-1.5103055265019492
231,73,0,0,2.0691315874426306
232,69,0,0,1.808808888246661
233,18,1,0,-1.5103055265019492
234,64,0,1,1.4834055142516993
235,18,1,0,-1.5103055265019492
236,18,0,0,-1.5103055265019492
237,40,0,0,-0.0785306809241172
238,26,1,1,-0.9896601281100104
239,28,0,0,-0.8594987785120255
240,62,1,1,1.3532441646537146
241,18,1,1,-1.5103055265019492
242,38,0,0,-0.2086920305221019
243,34,0,0,-0.4690147297180713
244,84,0,0,2.7850190102315464
245,58,0,0,1.0929214654577453
246,29,0,0,-0.7944181037130331
247,38,1,1,-0.2086920305221019
248,54,0,0,0.8325987662617758
249,26,0,1,-0.9896601281100104
250,51,1,1,0.6373567418647987
251,36,0,0,-0.3388533801200866
252,24,1,1,-1.119821477707995
253,47,1,1,0.3770340426688293
254,42,1,1,0.0516306686738674
255,29,0,0,-0.7944181037130331
256,59,0,0,1.1580021402567375
257,39,0,1,-0.1436113557231096
258,44,0,0,0.1817920182718521
259,51,0,0,0.6373567418647987
260,18,0,0,-1.5103055265019492
261,48,0,0,0.4421147174678216
262,32,0,0,-0.5991760793160561
263,55,0,0,0.8976794410607681
264,25,0,1,-1.0547408029090026
265,44,1,1,0.1817920182718521
266,21,0,1,-1.315063502104972
267,25,0,1,-1.0547408029090026
268,22,0,0,-1.2499828273059796
269,54,0,0,0.8325987662617758
270,27,0,0,-0.924579453311018
271,31,0,0,-0.6642567541150485
272,50,0,0,0.5722760670658064
273,49,1,0,0.507195392266814
274,41,1,1,-0.0134500061251248
275,53,0,0,0.7675180914627834
276,34,0,0,-0.4690147297180713
277,42,0,0,0.0516306686738674
278,67,1,1,1.6786475386486763
279,31,0,0,-0.6642567541150485
280,46,0,0,0.3119533678698369
281,26,0,0,-0.9896601281100104
282,26,1,1,-0.9896601281100104
283,59,1,0,1.1580021402567375
284,43,0,1,0.1167113434728598
285,57,0,0,1.0278407906587528
286,60,0,0,1.2230828150557298
287,18,1,1,-1.5103055265019492
288,30,0,1,-0.7293374289140407
289,22,0,0,-1.2499828273059796
290,54,0,0,0.8325987662617758
291,22,0,0,-1.2499828273059796
292,31,0,1,-0.6642567541150485
293,57,0,0,1.0278407906587528
294,46,0,0,0.3119533678698369
295,50,0,0,0.5722760670658064
296,44,0,0,0.1817920182718521
297,36,1,0,-0.3388533801200866
298,50,0,0,0.5722760670658064
299,38,0,0,-0.2086920305221019
300,27,0,0,-0.924579453311018
301,39,1,1,-0.1436113557231096
302,72,0,0,2.0040509126436383
303,55,1,1,0.8976794410607681
304,31,1,1,-0.6642567541150485
305,44,0,0,0.1817920182718521
306,55,1,0,0.8976794410607681
307,28,0,0,-0.8594987785120255
308,46,0,0,0.3119533678698369
309,56,0,0,0.9627601158597604
310,30,0,0,-0.7293374289140407
311,51,0,0,0.6373567418647987
312,18,0,0,-1.5103055265019492
313,18,0,0,-1.5103055265019492
314,49,1,1,0.507195392266814
315,57,0,1,1.0278407906587528
316,21,0,0,-1.315063502104972
317,38,1,1,-0.2086920305221019
318,55,0,0,0.8976794410607681
319,34,1,1,-0.4690147297180713
320,32,1,1,-0.5991760793160561
321,32,0,0,-0.5991760793160561
322,64,1,1,1.4834055142516993
323,47,0,0,0.3770340426688293
324,68,1,0,1.7437282134476688
325,48,1,1,0.4421147174678216
326,64,1,1,1.4834055142516993
327,46,0,0,0.3119533678698369
328,18,0,0,-1.5103055265019492
329,32,0,0,-0.5991760793160561
330,42,0,0,0.0516306686738674
331,44,0,0,0.1817920182718521
332,55,0,0,0.8976794410607681
333,58,0,0,1.0929214654577453
334,62,0,0,1.3532441646537146
335,84,0,0,2.7850190102315464
336,34,1,1,-0.4690147297180713
337,44,1,1,0.1817920182718521
338,39,0,1,-0.1436113557231096
339,37,0,0,-0.2737727053210943
340,18,0,0,-1.5103055265019492
341,68,1,1,1.7437282134476688
342,57,0,0,1.0278407906587528
343,51,0,1,0.6373567418647987
344,18,0,1,-1.5103055265019492
345,25,0,0,-1.0547408029090026
346,30,1,1,-0.7293374289140407
347,66,1,1,1.613566863849684
348,49,0,0,0.507195392266814
349,32,1,1,-0.5991760793160561
350,65,0,0,1.5484861890506916
351,38,0,0,-0.2086920305221019
352,34,0,0,-0.4690147297180713
353,49,0,1,0.507195392266814
354,42,0,0,0.0516306686738674
355,18,0,0,-1.5103055265019492
356,45,0,0,0.2468726930708445
357,41,0,1,-0.0134500061251248
358,46,0,0,0.3119533678698369
359,35,1,1,-0.403934054919079
360,54,0,0,0.8325987662617758
361,19,0,0,-1.445224851702957
362,40,0,1,-0.0785306809241172
363,18,0,1,-1.5103055265019492
364,60,1,0,1.2230828150557298
365,35,1,1,-0.403934054919079
366,55,0,0,0.8976794410607681
367,49,0,0,0.507195392266814
368,81,0,0,2.589776985834569
369,40,0,0,-0.0785306809241172
370,50,0,0,0.5722760670658064
371,39,0,0,-0.1436113557231096
372,23,0,0,-1.1849021525069874
373,19,1,1,-1.445224851702957
374,35,1,1,-0.403934054919079
375,31,0,0,-0.6642567541150485
376,34,0,1,-0.4690147297180713
377,40,0,0,-0.0785306809241172
378,55,0,0,0.8976794410607681
379,65,1,1,1.5484861890506916
380,68,0,0,1.7437282134476688
381,42,1,1,0.0516306686738674
382,33,0,0,-0.5340954045170637
383,55,0,1,0.8976794410607681
384,72,0,0,2.0040509126436383
385,45,1,1,0.2468726930708445
386,36,0,0,-0.3388533801200866
387,47,0,0,0.3770340426688293
388,37,1,0,-0.2737727053210943
389,18,0,0,-1.5103055265019492
390,56,0,0,0.9627601158597604
391,27,0,0,-0.924579453311018
392,18,1,0,-1.5103055265019492
393,27,1,1,-0.924579453311018
394,57,1,0,1.0278407906587528
395,35,1,1,-0.403934054919079
396,27,0,0,-0.924579453311018
397,38,0,0,-0.2086920305221019
398,33,0,1,-0.5340954045170637
399,35,0,0,-0.403934054919079
400,40,0,0,-0.0785306809241172
401,48,0,0,0.4421147174678216
402,27,0,1,-0.924579453311018
403,18,1,0,-1.5103055265019492
404,64,0,0,1.4834055142516993
405,42,0,0,0.0516306686738674
406,26,0,0,-0.9896601281100104
407,56,0,0,0.9627601158597604
408,46,0,0,0.3119533678698369
409,27,0,0,-0.924579453311018
410,24,1,1,-1.119821477707995
411,36,0,1,-0.3388533801200866
412,20,0,0,-1.3801441769039644
413,53,0,0,0.7675180914627834
414,30,1,1,-0.7293374289140407
415,45,1,1,0.2468726930708445
416,32,0,0,-0.5991760793160561
417,23,0,0,-1.1849021525069874
418,22,0,0,-1.2499828273059796
419,34,1,1,-0.4690147297180713
420,40,1,0,-0.0785306809241172
421,26,1,1,-0.9896601281100104
422,37,1,0,-0.2737727053210943
423,30,0,0,-0.7293374289140407
424,49,0,0,0.507195392266814
425,43,0,0,0.1167113434728598
426,22,0,0,-1.2499828273059796
427,37,1,1,-0.2737727053210943
428,48,1,1,0.4421147174678216
429,18,0,0,-1.5103055265019492
430,18,1,1,-1.5103055265019492
431,55,0,0,0.8976794410607681
432,43,0,0,0.1167113434728598
433,55,0,0,0.8976794410607681
434,18,0,0,-1.5103055265019492
435,28,0,0,-0.8594987785120255
436,30,1,1,-0.7293374289140407
437,33,1,1,-0.5340954045170637
438,27,1,0,-0.924579453311018
439,50,0,0,0.5722760670658064
440,18,1,1,-1.5103055265019492
441,37,0,0,-0.2737727053210943
442,46,1,0,0.3119533678698369
443,59,0,0,1.1580021402567375
444,42,1,1,0.0516306686738674
445,68,0,0,1.7437282134476688
446,46,0,0,0.3119533678698369
447,42,1,1,0.0516306686738674
448,28,1,1,-0.8594987785120255
449,31,1,1,-0.6642567541150485
450,30,1,1,-0.7293374289140407
451,18,0,0,-1.5103055265019492
452,46,0,0,0.3119533678698369
453,49,0,0,0.507195392266814
454,53,0,0,0.7675180914627834
455,30,0,1,-0.7293374289140407
456,48,1,1,0.4421147174678216
457,34,1,0,-0.4690147297180713
458,52,0,0,0.702437416663791
459,40,1,1,-0.0785306809241172
460,75,1,0,2.199292937040615
461,18,0,0,-1.5103055265019492
462,30,0,0,-0.7293374289140407
463,29,0,0,-0.7944181037130331
464,47,0,0,0.3770340426688293
465,45,0,0,0.2468726930708445
466,45,0,0,0.2468726930708445
467,54,1,1,0.8325987662617758
468,45,1,1,0.2468726930708445
469,51,0,0,0.6373567418647987
470,50,0,0,0.5722760670658064
471,41,1,1,-0.0134500061251248
472,55,1,0,0.8976794410607681
473,34,1,1,-0.4690147297180713
474,51,0,0,0.6373567418647987
475,76,0,1,2.2643736118396074
476,38,1,0,-0.2086920305221019
477,37,0,0,-0.2737727053210943
478,37,0,0,-0.2737727053210943
479,69,0,0,1.808808888246661
480,42,0,1,0.0516306686738674
481,37,1,1,-0.2737727053210943
482,36,1,1,-0.3388533801200866
483,73,0,0,2.0691315874426306
484,18,0,0,-1.5103055265019492
485,57,0,0,1.0278407906587528
486,46,0,0,0.3119533678698369
487,64,0,0,1.4834055142516993
488,28,0,0,-0.8594987785120255
489,25,0,0,-1.0547408029090026
490,75,0,0,2.199292937040615
491,33,1,1,-0.5340954045170637
492,34,1,0,-0.4690147297180713
493,31,1,1,-0.6642567541150485
494,33,1,0,-0.5340954045170637
495,23,0,0,-1.1849021525069874
496,38,1,0,-0.2086920305221019
497,54,0,1,0.8325987662617758
498,48,0,1,0.4421147174678216
499,45,0,0,0.2468726930708445
500,50,0,0,0.5722760670658064
501,52,1,0,0.702437416663791
502,30,0,0,-0.7293374289140407
503,67,1,1,1.6786475386486763
504,18,1,0,-1.5103055265019492
505,40,0,1,-0.0785306809241172
506,18,1,1,-1.5103055265019492
507,18,0,0,-1.5103055265019492
508,42,0,1,0.0516306686738674
509,53,0,0,0.7675180914627834
510,36,0,0,-0.3388533801200866
511,53,0,0,0.7675180914627834
512,24,1,1,-1.119821477707995
513,77,1,1,2.3294542866386
514,27,1,0,-0.924579453311018
515,50,1,0,0.5722760670658064
516,72,0,1,2.0040509126436383
517,27,1,1,-0.924579453311018
518,45,0,0,0.2468726930708445
519,20,1,1,-1.3801441769039644
520,38,0,0,-0.2086920305221019
521,20,0,0,-1.3801441769039644
522,18,0,0,-1.5103055265019492
523,29,0,0,-0.7944181037130331
524,34,1,1,-0.4690147297180713
525,20,0,0,-1.3801441769039644
526,56,1,1,0.9627601158597604
527,18,1,0,-1.5103055265019492
528,37,0,0,-0.2737727053210943
529,18,0,0,-1.5103055265019492
530,77,0,0,2.3294542866386
531,68,1,1,1.7437282134476688
532,34,0,0,-0.4690147297180713
533,43,0,0,0.1167113434728598
534,43,1,0,0.1167113434728598
535,46,0,0,0.3119533678698369
536,47,1,1,0.3770340426688293
537,38,1,0,-0.2086920305221019
538,52,0,0,0.702437416663791
539,44,0,0,0.1817920182718521
540,54,0,0,0.8325987662617758
541,45,1,1,0.2468726930708445
542,59,1,1,1.1580021402567375
543,32,1,1,-0.5991760793160561
544,39,0,0,-0.1436113557231096
545,48,0,0,0.4421147174678216
546,18,0,0,-1.5103055265019492
547,32,0,0,-0.5991760793160561
548,42,0,0,0.0516306686738674
549,37,1,0,-0.2737727053210943
550,32,1,1,-0.5991760793160561
551,46,0,0,0.3119533678698369
552,27,0,0,-0.924579453311018
553,18,0,1,-1.5103055265019492
554,49,0,1,0.507195392266814
555,66,1,1,1.613566863849684
556,35,1,1,-0.403934054919079
557,30,0,0,-0.7293374289140407
558,37,1,0,-0.2737727053210943
559,67,0,0,1.6786475386486763
560,18,0,0,-1.5103055265019492
561,22,0,0,-1.2499828273059796
562,41,0,0,-0.0134500061251248
563,23,0,0,-1.1849021525069874
564,26,0,0,-0.9896601281100104
565,23,0,0,-1.1849021525069874
566,40,1,0,-0.0785306809241172
567,46,1,1,0.3119533678698369
568,69,0,0,1.808808888246661
569,27,0,0,-0.924579453311018
570,41,0,0,-0.0134500061251248
571,18,0,0,-1.5103055265019492
572,44,0,0,0.1817920182718521
573,23,0,0,-1.1849021525069874
574,28,1,0,-0.8594987785120255
575,18,0,0,-1.5103055265019492
576,18,0,0,-1.5103055265019492
577,28,1,1,-0.8594987785120255
578,30,0,0,-0.7293374289140407
579,50,1,0,0.5722760670658064
580,50,1,0,0.5722760670658064
581,18,1,0,-1.5103055265019492
582,46,0,0,0.3119533678698369
583,31,0,0,-0.6642567541150485
584,22,0,0,-1.2499828273059796
585,32,1,1,-0.5991760793160561
586,45,1,0,0.2468726930708445
587,45,0,1,0.2468726930708445
588,34,0,0,-0.4690147297180713
589,58,0,0,1.0929214654577453
590,58,0,1,1.0929214654577453
591,60,0,0,1.2230828150557298
592,38,1,0,-0.2086920305221019
593,23,0,0,-1.1849021525069874
594,53,0,0,0.7675180914627834
595,64,0,0,1.4834055142516993
596,24,0,0,-1.119821477707995
597,18,1,0,-1.5103055265019492
598,48,0,0,0.4421147174678216
599,49,1,0,0.507195392266814
600,66,1,1,1.613566863849684
601,58,1,1,1.0929214654577453
602,59,1,1,1.1580021402567375
603,43,0,1,0.1167113434728598
604,63,1,0,1.418324839452707
605,29,0,0,-0.7944181037130331
606,24,0,0,-1.119821477707995
607,45,0,0,0.2468726930708445
608,76,1,1,2.2643736118396074
609,49,0,1,0.507195392266814
610,44,0,0,0.1817920182718521
611,29,0,0,-0.7944181037130331
612,38,0,0,-0.2086920305221019
613,77,0,1,2.3294542866386
614,41,0,0,-0.0134500061251248
615,44,0,0,0.1817920182718521
616,34,1,0,-0.4690147297180713
617,46,0,0,0.3119533678698369
618,50,0,0,0.5722760670658064
619,29,1,1,-0.7944181037130331
620,30,0,0,-0.7293374289140407
621,35,0,0,-0.403934054919079
622,45,1,1,0.2468726930708445
623,47,0,0,0.3770340426688293
624,46,0,0,0.3119533678698369
625,52,0,1,0.702437416663791
626,20,1,1,-1.3801441769039644
627,64,0,1,1.4834055142516993
628,18,0,0,-1.5103055265019492
629,35,0,0,-0.403934054919079
630,52,1,1,0.702437416663791
631,46,1,0,0.3119533678698369
632,35,0,0,-0.403934054919079
633,18,0,0,-1.5103055265019492
634,18,1,1,-1.5103055265019492
635,33,0,0,-0.5340954045170637
636,52,0,0,0.702437416663791
637,53,1,0,0.7675180914627834
638,63,1,0,1.418324839452707
639,43,0,0,0.1167113434728598
640,32,1,1,-0.5991760793160561
641,54,0,0,0.8325987662617758
642,37,0,1,-0.2737727053210943
643,46,0,0,0.3119533678698369
644,54,1,1,0.8325987662617758
645,63,0,1,1.418324839452707
646,50,1,0,0.5722760670658064
647,58,1,1,1.0929214654577453
648,29,1,1,-0.7944181037130331
649,39,0,0,-0.1436113557231096
650,20,0,0,-1.3801441769039644
651,57,1,1,1.0278407906587528
652,38,0,0,-0.2086920305221019
653,56,1,1,0.9627601158597604
654,33,1,1,-0.5340954045170637
655,24,0,1,-1.119821477707995
656,50,1,1,0.5722760670658064
657,45,0,0,0.2468726930708445
658,31,0,0,-0.6642567541150485
659,40,1,1,-0.0785306809241172
660,64,0,0,1.4834055142516993
661,45,0,1,0.2468726930708445
662,29,1,1,-0.7944181037130331
663,18,1,1,-1.5103055265019492
664,30,0,0,-0.7293374289140407
665,43,0,0,0.1167113434728598
666,52,0,0,0.702437416663791
667,18,0,0,-1.5103055265019492
668,30,0,1,-0.7293374289140407
669,45,0,0,0.2468726930708445
670,41,1,1,-0.0134500061251248
671,61,0,1,1.2881634898547225
672,56,1,1,0.9627601158597604
673,54,0,1,0.8325987662617758
674,49,0,0,0.507195392266814
675,41,0,0,-0.0134500061251248
676,55,1,1,0.8976794410607681
677,49,1,1,0.507195392266814
678,27,0,0,-0.924579453311018
679,57,0,0,1.0278407906587528
680,44,0,0,0.1817920182718521
681,55,0,0,0.8976794410607681
682,33,1,1,-0.5340954045170637
683,41,1,0,-0.0134500061251248
684,39,0,1,-0.1436113557231096
685,62,1,1,1.3532441646537146
686,18,1,1,-1.5103055265019492
687,18,0,0,-1.5103055265019492
688,21,1,0,-1.315063502104972
689,21,0,0,-1.315063502104972
690,20,0,0,-1.3801441769039644
691,58,0,0,1.0929214654577453
692,49,0,0,0.507195392266814
693,26,1,1,-0.9896601281100104
694,48,1,0,0.4421147174678216
695,61,0,0,1.2881634898547225
696,21,0,0,-1.315063502104972
697,54,1,1,0.8325987662617758
698,43,0,0,0.1167113434728598
699,18,0,0,-1.5103055265019492
700,23,0,0,-1.1849021525069874
701,44,0,0,0.1817920182718521
702,67,1,1,1.6786475386486763
703,51,0,1,0.6373567418647987
704,48,0,0,0.4421147174678216
705,47,0,0,0.3770340426688293
706,35,0,1,-0.403934054919079
707,51,0,0,0.6373567418647987
708,36,0,0,-0.3388533801200866
709,28,0,0,-0.8594987785120255
710,18,1,1,-1.5103055265019492
711,42,1,1,0.0516306686738674
712,59,0,0,1.1580021402567375
713,26,1,1,-0.9896601281100104
714,25,0,1,-1.0547408029090026
715,33,0,1,-0.5340954045170637
716,32,0,0,-0.5991760793160561
717,18,1,1,-1.5103055265019492
718,50,0,0,0.5722760670658064
719,27,0,0,-0.924579453311018
720,52,0,0,0.702437416663791
721,31,1,1,-0.6642567541150485
722,29,1,0,-0.7944181037130331
723,32,1,1,-0.5991760793160561
724,51,1,0,0.6373567418647987
725,20,0,0,-1.3801441769039644
726,53,1,1,0.7675180914627834
727,46,0,0,0.3119533678698369
728,27,1,1,-0.924579453311018
729,26,1,1,-0.9896601281100104
730,48,0,0,0.4421147174678216
731,32,0,0,-0.5991760793160561
732,18,0,0,-1.5103055265019492
733,30,0,0,-0.7293374289140407
734,26,0,0,-0.9896601281100104
735,65,1,1,1.5484861890506916
736,20,1,1,-1.3801441769039644
737,53,0,0,0.7675180914627834
738,38,0,0,-0.2086920305221019
739,35,0,0,-0.403934054919079
740,45,0,0,0.2468726930708445
741,31,0,0,-0.6642567541150485
742,80,0,0,2.524696311035577
743,57,1,1,1.0278407906587528
744,29,0,1,-0.7944181037130331
745,40,1,0,-0.0785306809241172
746,18,1,0,-1.5103055265019492
747,51,1,1,0.6373567418647987
748,54,0,0,0.8325987662617758
749,23,0,1,-1.1849021525069874
750,59,1,1,1.1580021402567375
751,41,1,1,-0.0134500061251248
752,51,1,1,0.6373567418647987
753,50,0,0,0.5722760670658064
754,27,0,0,-0.924579453311018
755,70,0,1,1.8738895630456531
756,63,1,1,1.418324839452707
757,57,0,0,1.0278407906587528
758,48,0,0,0.4421147174678216
759,85,0,0,2.8500996850305387
760,48,0,0,0.4421147174678216
761,65,1,0,1.5484861890506916
762,41,1,1,-0.0134500061251248
763,20,1,0,-1.3801441769039644
764,36,1,1,-0.3388533801200866
765,45,0,0,0.2468726930708445
766,50,0,1,0.5722760670658064
767,50,0,0,0.5722760670658064
768,37,1,0,-0.2737727053210943
769,60,1,1,1.2230828150557298
770,21,1,0,-1.315063502104972
771,38,1,1,-0.2086920305221019
772,41,0,1,-0.0134500061251248
773,46,0,0,0.3119533678698369
774,44,0,0,0.1817920182718521
775,75,0,0,2.199292937040615
776,49,0,0,0.507195392266814
777,69,0,0,1.808808888246661
778,49,0,0,0.507195392266814
779,26,0,0,-0.9896601281100104
780,34,0,0,-0.4690147297180713
781,51,1,1,0.6373567418647987
782,28,1,1,-0.8594987785120255
783,37,0,0,-0.2737727053210943
784,49,1,0,0.507195392266814
785,57,0,0,1.0278407906587528
786,38,0,0,-0.2086920305221019
787,47,1,1,0.3770340426688293
788,48,0,0,0.4421147174678216
789,39,0,0,-0.1436113557231096
790,42,1,1,0.0516306686738674
791,28,1,1,-0.8594987785120255
792,37,0,0,-0.2737727053210943
793,48,1,1,0.4421147174678216
794,40,1,1,-0.0785306809241172
795,36,0,0,-0.3388533801200866
796,38,0,1,-0.2086920305221019
797,82,0,0,2.654857660633562
798,32,0,0,-0.5991760793160561
799,48,0,1,0.4421147174678216
800,56,0,1,0.9627601158597604
801,56,0,0,0.9627601158597604
802,53,1,1,0.7675180914627834
803,31,0,0,-0.6642567541150485
804,23,0,0,-1.1849021525069874
805,82,0,1,2.654857660633562
806,74,1,0,2.134212262241623
807,37,1,1,-0.2737727053210943
808,26,0,0,-0.9896601281100104
809,23,0,0,-1.1849021525069874
810,53,0,0,0.7675180914627834
811,36,0,1,-0.3388533801200866
812,43,1,1,0.1167113434728598
813,38,1,1,-0.2086920305221019
814,36,0,0,-0.3388533801200866
815,38,0,0,-0.2086920305221019
816,18,0,0,-1.5103055265019492
817,53,0,0,0.7675180914627834
818,37,0,0,-0.2737727053210943
819,41,0,0,-0.0134500061251248
820,41,0,0,-0.0134500061251248
821,38,0,0,-0.2086920305221019
822,32,0,0,-0.5991760793160561
823,29,1,1,-0.7944181037130331
824,24,0,0,-1.119821477707995
825,57,1,1,1.0278407906587528
826,48,0,0,0.4421147174678216
827,20,0,0,-1.3801441769039644
828,34,0,0,-0.4690147297180713
829,72,0,0,2.0040509126436383
830,46,0,0,0.3119533678698369
831,59,0,0,1.1580021402567375
832,18,1,1,-1.5103055265019492
833,45,0,0,0.2468726930708445
834,38,0,0,-0.2086920305221019
835,37,0,0,-0.2737727053210943
836,50,0,0,0.5722760670658064
837,43,1,1,0.1167113434728598
838,18,1,0,-1.5103055265019492
839,39,0,1,-0.1436113557231096
840,51,0,0,0.6373567418647987
841,32,0,0,-0.5991760793160561
842,41,0,0,-0.0134500061251248
843,19,1,1,-1.445224851702957
844,29,0,0,-0.7944181037130331
845,39,0,0,-0.1436113557231096
846,45,0,0,0.2468726930708445
847,34,0,1,-0.4690147297180713
848,40,1,0,-0.0785306809241172
849,31,1,0,-0.6642567541150485
850,41,1,0,-0.0134500061251248
851,60,1,0,1.2230828150557298
852,23,0,0,-1.1849021525069874
853,31,0,1,-0.6642567541150485
854,43,0,0,0.1167113434728598
855,35,0,0,-0.403934054919079
856,68,0,0,1.7437282134476688
857,41,1,1,-0.0134500061251248
858,60,0,1,1.2230828150557298
859,37,0,0,-0.2737727053210943
860,31,1,1,-0.6642567541150485
861,33,1,1,-0.5340954045170637
862,18,0,0,-1.5103055265019492
863,49,1,1,0.507195392266814
864,73,1,0,2.0691315874426306
865,54,0,1,0.8325987662617758
866,26,1,0,-0.9896601281100104
867,54,1,1,0.8325987662617758
868,18,0,0,-1.5103055265019492
869,44,1,0,0.1817920182718521
870,18,1,0,-1.5103055265019492
871,48,0,0,0.4421147174678216
872,69,1,1,1.808808888246661
873,36,0,1,-0.3388533801200866
874,27,0,0,-0.924579453311018
875,38,0,0,-0.2086920305221019
876,18,0,1,-1.5103055265019492
877,33,0,1,-0.5340954045170637
878,54,0,0,0.8325987662617758
879,64,1,1,1.4834055142516993
880,78,0,0,2.3945349614375924
881,18,0,0,-1.5103055265019492
882,60,1,1,1.2230828150557298
883,38,0,0,-0.2086920305221019
884,28,0,0,-0.8594987785120255
885,46,0,0,0.3119533678698369
886,83,0,0,2.719938335432554
887,57,0,0,1.0278407906587528
888,51,0,0,0.6373567418647987
889,69,0,0,1.808808888246661
890,67,0,0,1.6786475386486763
891,50,0,0,0.5722760670658064
892,52,1,1,0.702437416663791
893,29,1,1,-0.7944181037130331
894,69,0,0,1.808808888246661
895,66,0,0,1.613566863849684
896,52,1,0,0.702437416663791
897,79,0,0,2.4596156362365846
898,35,0,0,-0.403934054919079
899,18,0,1,-1.5103055265019492
900,19,0,0,-1.445224851702957
901,59,0,1,1.1580021402567375
902,29,1,1,-0.7944181037130331
903,51,0,0,0.6373567418647987
904,43,0,0,0.1167113434728598
905,32,1,1,-0.5991760793160561
906,62,1,1,1.3532441646537146
907,44,0,0,0.1817920182718521
908,29,0,0,-0.7944181037130331
909,21,1,1,-1.315063502104972
910,59,0,1,1.1580021402567375
911,35,0,0,-0.403934054919079
912,27,0,0,-0.924579453311018
913,60,1,1,1.2230828150557298
914,29,0,0,-0.7944181037130331
915,35,0,1,-0.403934054919079
916,27,0,1,-0.924579453311018
917,46,0,1,0.3119533678698369
918,40,0,0,-0.0785306809241172
919,23,0,1,-1.1849021525069874
920,36,1,1,-0.3388533801200866
921,55,0,0,0.8976794410607681
922,42,1,1,0.0516306686738674
923,18,1,1,-1.5103055265019492
924,53,0,0,0.7675180914627834
925,44,1,0,0.1817920182718521
926,53,1,1,0.7675180914627834
927,28,0,0,-0.8594987785120255
928,31,1,1,-0.6642567541150485
929,22,1,1,-1.2499828273059796
930,23,1,1,-1.1849021525069874
931,51,0,0,0.6373567418647987
932,54,0,1,0.8325987662617758
933,40,0,1,-0.0785306809241172
934,29,0,1,-0.7944181037130331
935,26,1,1,-0.9896601281100104
936,18,1,1,-1.5103055265019492
937,34,1,1,-0.4690147297180713
938,23,0,1,-1.1849021525069874
939,38,0,0,-0.2086920305221019
940,62,0,0,1.3532441646537146
941,37,0,0,-0.2737727053210943
942,23,1,1,-1.1849021525069874
943,18,0,1,-1.5103055265019492
944,28,1,1,-0.8594987785120255
945,49,0,0,0.507195392266814
946,57,1,1,1.0278407906587528
947,48,0,1,0.4421147174678216
948,46,0,0,0.3119533678698369
949,64,0,1,1.4834055142516993
950,18,0,0,-1.5103055265019492
951,30,1,0,-0.7293374289140407
952,46,1,1,0.3119533678698369
953,24,0,0,-1.119821477707995
954,49,0,0,0.507195392266814
955,48,1,1,0.4421147174678216
956,48,0,0,0.4421147174678216
957,65,0,0,1.5484861890506916
958,41,0,0,-0.0134500061251248
959,50,0,1,0.5722760670658064
960,32,0,0,-0.5991760793160561
961,34,1,1,-0.4690147297180713
962,60,0,0,1.2230828150557298
963,61,0,0,1.2881634898547225
964,43,1,1,0.1167113434728598
965,29,0,0,-0.7944181037130331
966,46,0,0,0.3119533678698369
967,18,0,0,-1.5103055265019492
968,67,1,1,1.6786475386486763
969,33,0,0,-0.5340954045170637
970,58,1,0,1.0929214654577453
971,44,0,0,0.1817920182718521
972,64,1,0,1.4834055142516993
973,18,1,0,-1.5103055265019492
974,38,0,0,-0.2086920305221019
975,28,0,0,-0.8594987785120255
976,63,0,0,1.418324839452707
977,48,0,0,0.4421147174678216
978,48,0,0,0.4421147174678216
979,18,0,0,-1.5103055265019492
980,36,0,0,-0.3388533801200866
981,20,0,0,-1.3801441769039644
982,18,0,1,-1.5103055265019492
983,28,0,0,-0.8594987785120255
984,37,0,0,-0.2737727053210943
985,50,0,1,0.5722760670658064
986,27,0,0,-0.924579453311018
987,29,0,0,-0.7944181037130331
988,43,0,0,0.1167113434728598
989,36,1,1,-0.3388533801200866
990,26,0,0,-0.9896601281100104
991,84,0,0,2.7850190102315464
992,18,1,1,-1.5103055265019492
993,21,1,1,-1.315063502104972
994,43,0,0,0.1167113434728598
995,58,0,0,1.0929214654577453
996,33,0,1,-0.5340954045170637
997,50,1,1,0.5722760670658064
998,51,0,0,0.6373567418647987
999,45,0,0,0.2468726930708445
1000,40,0,0,-0.0785306809241172
1001,37,1,0,-0.2737727053210943
1002,19,1,0,-1.445224851702957
1003,40,1,0,-0.0785306809241172
1004,18,0,1,-1.5103055265019492
1005,53,0,0,0.7675180914627834
1006,43,0,0,0.1167113434728598
1007,54,0,0,0.8325987662617758
1008,18,0,0,-1.5103055265019492
1009,40,1,1,-0.0785306809241172
1010,43,1,1,0.1167113434728598
1011,43,1,0,0.1167113434728598
1012,34,0,0,-0.4690147297180713
1013,73,0,0,2.0691315874426306
1014,27,0,1,-0.924579453311018
1015,57,1,0,1.0278407906587528
1016,34,0,1,-0.4690147297180713
1017,18,0,0,-1.5103055265019492
1018,36,0,0,-0.3388533801200866
1019,61,0,1,1.2881634898547225
1020,43,1,1,0.1167113434728598
1021,43,0,0,0.1167113434728598
1022,56,0,0,0.9627601158597604
1023,59,0,0,1.1580021402567375
1024,37,0,0,-0.2737727053210943
1025,64,0,0,1.4834055142516993
1026,41,0,0,-0.0134500061251248
1027,34,0,0,-0.4690147297180713
1028,21,0,0,-1.315063502104972
1029,38,0,0,-0.2086920305221019
1030,66,0,0,1.613566863849684
1031,37,0,0,-0.2737727053210943
1032,23,0,0,-1.1849021525069874
1033,50,1,0,0.5722760670658064
1034,18,1,1,-1.5103055265019492
1035,37,0,0,-0.2737727053210943
1036,32,0,0,-0.5991760793160561
1037,38,0,0,-0.2086920305221019
1038,25,0,1,-1.0547408029090026
1039,51,0,1,0.6373567418647987
1040,53,0,1,0.7675180914627834
1041,18,0,0,-1.5103055265019492
1042,37,0,0,-0.2737727053210943
1043,18,1,1,-1.5103055265019492
1044,64,0,0,1.4834055142516993
1045,32,0,0,-0.5991760793160561
1046,32,0,0,-0.5991760793160561
1047,51,0,0,0.6373567418647987
1048,38,1,1,-0.2086920305221019
1049,48,0,0,0.4421147174678216
1050,34,0,0,-0.4690147297180713
1051,65,1,1,1.5484861890506916
1052,26,0,0,-0.9896601281100104
1053,32,1,1,-0.5991760793160561
1054,40,1,1,-0.0785306809241172
1055,28,0,0,-0.8594987785120255
1056,18,0,0,-1.5103055265019492
1057,41,0,0,-0.0134500061251248
1058,18,0,0,-1.5103055265019492
1059,71,0,0,1.9389702378446456
1060,44,0,0,0.1817920182718521
1061,34,1,0,-0.4690147297180713
1062,68,0,0,1.7437282134476688
1063,58,0,0,1.0929214654577453
1064,33,0,0,-0.5340954045170637
1065,32,1,1,-0.5991760793160561
1066,35,0,0,-0.403934054919079
1067,70,0,0,1.8738895630456531
1068,51,1,1,0.6373567418647987
1069,28,0,0,-0.8594987785120255
1070,48,0,0,0.4421147174678216
1071,56,1,1,0.9627601158597604
1072,83,1,1,2.719938335432554
1073,23,1,1,-1.1849021525069874
1074,37,0,0,-0.2737727053210943
1075,49,0,0,0.507195392266814
1076,74,0,1,2.134212262241623
1077,29,0,0,-0.7944181037130331
1078,19,0,0,-1.445224851702957
1079,36,0,0,-0.3388533801200866
1080,42,0,1,0.0516306686738674
1081,40,0,0,-0.0785306809241172
1082,32,0,0,-0.5991760793160561
1083,50,0,0,0.5722760670658064
1084,61,0,0,1.2881634898547225
1085,18,0,0,-1.5103055265019492
1086,46,1,1,0.3119533678698369
1087,21,1,0,-1.315063502104972
1088,65,1,1,1.5484861890506916
1089,28,1,1,-0.8594987785120255
1090,18,0,0,-1.5103055265019492
1091,40,1,0,-0.0785306809241172
1092,51,0,1,0.6373567418647987
1093,40,1,0,-0.0785306809241172
1094,32,0,0,-0.5991760793160561
1095,60,1,0,1.2230828150557298
1096,69,0,0,1.808808888246661
1097,45,1,0,0.2468726930708445
1098,26,1,1,-0.9896601281100104
1099,62,0,0,1.3532441646537146
1100,30,1,1,-0.7293374289140407
1101,45,1,1,0.2468726930708445
1102,29,1,1,-0.7944181037130331
1103,36,1,1,-0.3388533801200866
1104,27,1,1,-0.924579453311018
1105,45,0,0,0.2468726930708445
1106,50,1,1,0.5722760670658064
1107,54,1,1,0.8325987662617758
1108,83,0,1,2.719938335432554
1109,46,1,1,0.3119533678698369
1110,35,1,0,-0.403934054919079
1111,34,1,0,-0.4690147297180713
1112,32,0,0,-0.5991760793160561
1113,58,0,0,1.0929214654577453
1114,36,0,0,-0.3388533801200866
1115,52,0,0,0.702437416663791
1116,66,0,1,1.613566863849684
1117,32,0,0,-0.5991760793160561
1118,42,0,0,0.0516306686738674
1119,32,0,0,-0.5991760793160561
1120,45,0,0,0.2468726930708445
1121,18,1,1,-1.5103055265019492
1122,55,0,0,0.8976794410607681
1123,54,1,0,0.8325987662617758
1124,39,0,0,-0.1436113557231096
1125,47,1,1,0.3770340426688293
1126,50,0,0,0.5722760670658064
1127,20,0,0,-1.3801441769039644
1128,35,1,1,-0.403934054919079
1129,44,1,0,0.1817920182718521
1130,35,1,0,-0.403934054919079
1131,62,1,1,1.3532441646537146
1132,29,0,0,-0.7944181037130331
1133,28,0,0,-0.8594987785120255
1134,44,1,1,0.1817920182718521
1135,22,0,0,-1.2499828273059796
1136,55,1,1,0.8976794410607681
1137,36,1,1,-0.3388533801200866
1138,51,1,1,0.6373567418647987
1139,42,0,0,0.0516306686738674
1140,22,1,0,-1.2499828273059796
1141,57,0,0,1.0278407906587528
1142,19,0,1,-1.445224851702957
1143,63,1,1,1.418324839452707
1144,34,0,0,-0.4690147297180713
1145,34,0,0,-0.4690147297180713
1146,33,0,0,-0.5340954045170637
1147,41,0,0,-0.0134500061251248
1148,33,0,1,-0.5340954045170637
1149,60,0,0,1.2230828150557298
1150,22,0,0,-1.2499828273059796
1151,65,0,0,1.5484861890506916
1152,18,1,0,-1.5103055265019492
1153,29,0,0,-0.7944181037130331
1154,52,0,0,0.702437416663791
1155,52,0,0,0.702437416663791
1156,63,0,0,1.418324839452707
1157,65,0,0,1.5484861890506916
1158,39,0,1,-0.1436113557231096
1159,48,0,0,0.4421147174678216
1160,20,0,0,-1.3801441769039644
1161,70,1,1,1.8738895630456531
1162,25,0,0,-1.0547408029090026
1163,47,0,0,0.3770340426688293
1164,57,0,0,1.0278407906587528
1165,38,0,0,-0.2086920305221019
1166,39,1,1,-0.1436113557231096
1167,18,0,1,-1.5103055265019492
1168,45,0,1,0.2468726930708445
1169,36,1,1,-0.3388533801200866
1170,18,1,1,-1.5103055265019492
1171,45,1,0,0.2468726930708445
1172,36,1,1,-0.3388533801200866
1173,49,1,1,0.507195392266814
1174,26,0,0,-0.9896601281100104
1175,37,0,1,-0.2737727053210943
1176,34,1,0,-0.4690147297180713
1177,33,0,0,-0.5340954045170637
1178,36,0,1,-0.3388533801200866
1179,18,1,1,-1.5103055265019492
1180,41,1,0,-0.0134500061251248
1181,65,1,1,1.5484861890506916
1182,57,0,1,1.0278407906587528
1183,40,1,1,-0.0785306809241172
1184,66,0,0,1.613566863849684
1185,24,0,0,-1.119821477707995
1186,45,0,1,0.2468726930708445
1187,37,1,1,-0.2737727053210943
1188,63,0,0,1.418324839452707
1189,18,0,0,-1.5103055265019492
1190,68,0,0,1.7437282134476688
1191,18,1,1,-1.5103055265019492
1192,45,1,1,0.2468726930708445
1193,23,1,0,-1.1849021525069874
1194,78,0,0,2.3945349614375924
1195,55,0,0,0.8976794410607681
1196,74,1,1,2.134212262241623
1197,34,1,0,-0.4690147297180713
1198,31,1,1,-0.6642567541150485
1199,31,1,1,-0.6642567541150485
1200,35,0,0,-0.403934054919079
1201,51,0,0,0.6373567418647987
1202,39,1,1,-0.1436113557231096
1203,45,1,0,0.2468726930708445
1204,39,0,0,-0.1436113557231096
1205,27,0,0,-0.924579453311018
1206,34,1,1,-0.4690147297180713
1207,28,0,0,-0.8594987785120255
1208,36,1,0,-0.3388533801200866
1209,63,0,0,1.418324839452707
1210,56,0,0,0.9627601158597604
1211,27,0,0,-0.924579453311018
1212,45,1,1,0.2468726930708445
1213,24,1,0,-1.119821477707995
1214,60,0,0,1.2230828150557298
1215,48,1,1,0.4421147174678216
1216,39,0,0,-0.1436113557231096
1217,52,0,0,0.702437416663791
1218,42,0,0,0.0516306686738674
1219,62,0,1,1.3532441646537146
1220,35,1,1,-0.403934054919079
1221,43,0,0,0.1167113434728598
1222,29,0,0,-0.7944181037130331
1223,26,0,0,-0.9896601281100104
1224,49,1,1,0.507195392266814
1225,42,0,1,0.0516306686738674
1226,81,0,0,2.589776985834569
1227,63,0,1,1.418324839452707
1228,51,0,0,0.6373567418647987
1229,48,0,0,0.4421147174678216
1230,39,0,0,-0.1436113557231096
1231,81,0,0,2.589776985834569
1232,73,0,0,2.0691315874426306
1233,48,0,0,0.4421147174678216
1234,29,1,1,-0.7944181037130331
1235,35,0,0,-0.403934054919079
1236,18,0,1,-1.5103055265019492
1237,23,0,0,-1.1849021525069874
1238,18,0,0,-1.5103055265019492
1239,41,0,0,-0.0134500061251248
1240,56,0,0,0.9627601158597604
1241,65,0,0,1.5484861890506916
1242,35,0,0,-0.403934054919079
1243,51,0,0,0.6373567418647987
1244,19,0,1,-1.445224851702957
1245,62,1,0,1.3532441646537146
1246,34,1,1,-0.4690147297180713
1247,18,1,1,-1.5103055265019492
1248,18,0,0,-1.5103055265019492
1249,25,1,1,-1.0547408029090026
1250,25,0,0,-1.0547408029090026
1251,42,1,0,0.0516306686738674
1252,52,0,0,0.702437416663791
1253,25,0,0,-1.0547408029090026
1254,28,1,1,-0.8594987785120255
1255,42,0,0,0.0516306686738674
1256,48,0,0,0.4421147174678216
1257,49,0,0,0.507195392266814
1258,37,0,1,-0.2737727053210943
1259,85,0,0,2.8500996850305387
1260,46,1,1,0.3119533678698369
1261,25,0,0,-1.0547408029090026
1262,25,0,0,-1.0547408029090026
1263,46,0,0,0.3119533678698369
1264,38,0,0,-0.2086920305221019
1265,18,0,0,-1.5103055265019492
1266,66,0,0,1.613566863849684
1267,28,0,0,-0.8594987785120255
1268,52,1,0,0.702437416663791
1269,54,0,0,0.8325987662617758
1270,56,0,0,0.9627601158597604
1271,43,0,0,0.1167113434728598
1272,41,1,1,-0.0134500061251248
1273,36,1,1,-0.3388533801200866
1274,41,1,0,-0.0134500061251248
1275,52,1,1,0.702437416663791
1276,41,1,0,-0.0134500061251248
1277,66,1,1,1.613566863849684
1278,49,1,0,0.507195392266814
1279,30,0,0,-0.7293374289140407
1280,18,1,0,-1.5103055265019492
1281,18,0,0,-1.5103055265019492
1282,33,0,0,-0.5340954045170637
1283,40,1,1,-0.0785306809241172
1284,42,1,1,0.0516306686738674
1285,46,0,1,0.3119533678698369
1286,43,0,0,0.1167113434728598
1287,45,0,0,0.2468726930708445
1288,18,0,0,-1.5103055265019492
1289,51,0,0,0.6373567418647987
1290,43,0,0,0.1167113434728598
1291,31,0,0,-0.6642567541150485
1292,22,0,0,-1.2499828273059796
1293,39,0,0,-0.1436113557231096
1294,21,1,1,-1.315063502104972
1295,41,0,0,-0.0134500061251248
1296,18,0,0,-1.5103055265019492
1297,42,1,1,0.0516306686738674
1298,54,1,1,0.8325987662617758
1299,18,0,0,-1.5103055265019492
1300,60,0,0,1.2230828150557298
1301,46,0,0,0.3119533678698369
1302,33,1,0,-0.5340954045170637
1303,18,1,0,-1.5103055265019492
1304,35,1,0,-0.403934054919079
1305,60,1,1,1.2230828150557298
1306,36,0,1,-0.3388533801200866
1307,43,0,0,0.1167113434728598
1308,54,0,0,0.8325987662617758
1309,18,0,0,-1.5103055265019492
1310,63,1,0,1.418324839452707
1311,29,0,1,-0.7944181037130331
1312,58,0,0,1.0929214654577453
1313,70,0,0,1.8738895630456531
1314,44,0,0,0.1817920182718521
1315,60,0,0,1.2230828150557298
1316,42,1,1,0.0516306686738674
1317,41,0,0,-0.0134500061251248
1318,85,0,1,2.8500996850305387
1319,64,0,0,1.4834055142516993
1320,43,0,0,0.1167113434728598
1321,66,0,0,1.613566863849684
1322,49,0,0,0.507195392266814
1323,60,0,0,1.2230828150557298
1324,33,0,1,-0.5340954045170637
1325,50,0,0,0.5722760670658064
1326,18,0,0,-1.5103055265019492
1327,73,0,0,2.0691315874426306
1328,30,0,0,-0.7293374289140407
1329,36,0,0,-0.3388533801200866
1330,37,0,0,-0.2737727053210943
1331,26,0,0,-0.9896601281100104
1332,50,0,0,0.5722760670658064
1333,38,1,0,-0.2086920305221019
1334,18,1,1,-1.5103055265019492
1335,55,0,0,0.8976794410607681
1336,53,1,1,0.7675180914627834
1337,43,0,0,0.1167113434728598
1338,30,1,1,-0.7293374289140407
1339,68,1,0,1.7437282134476688
1340,22,0,0,-1.2499828273059796
1341,18,0,0,-1.5103055265019492
1342,40,0,0,-0.0785306809241172
1343,51,0,1,0.6373567418647987
1344,49,1,1,0.507195392266814
1345,74,0,0,2.134212262241623
1346,42,1,1,0.0516306686738674
1347,22,0,1,-1.2499828273059796
1348,38,1,1,-0.2086920305221019
1349,56,1,1,0.9627601158597604
1350,54,0,0,0.8325987662617758
1351,30,0,0,-0.7293374289140407
1352,27,0,0,-0.924579453311018
1353,23,1,0,-1.1849021525069874
1354,52,1,1,0.702437416663791
1355,46,1,1,0.3119533678698369
1356,53,0,0,0.7675180914627834
1357,47,0,1,0.3770340426688293
1358,26,0,0,-0.9896601281100104
1359,36,0,0,-0.3388533801200866
1360,28,1,1,-0.8594987785120255
1361,47,0,0,0.3770340426688293
1362,32,1,1,-0.5991760793160561
1363,75,0,0,2.199292937040615
1364,66,0,0,1.613566863849684
1365,19,1,1,-1.445224851702957
1366,18,1,1,-1.5103055265019492
1367,24,0,0,-1.119821477707995
1368,20,0,0,-1.3801441769039644
1369,37,1,1,-0.2737727053210943
1370,40,0,0,-0.0785306809241172
1371,30,0,0,-0.7293374289140407
1372,26,0,1,-0.9896601281100104
1373,26,0,0,-0.9896601281100104
1374,18,0,0,-1.5103055265019492
1375,46,0,0,0.3119533678698369
1376,23,1,1,-1.1849021525069874
1377,37,1,1,-0.2737727053210943
1378,30,0,0,-0.7293374289140407
1379,42,0,0,0.0516306686738674
1380,59,0,0,1.1580021402567375
1381,46,0,0,0.3119533678698369
1382,23,1,1,-1.1849021525069874
1383,84,0,0,2.7850190102315464
1384,33,1,0,-0.5340954045170637
1385,54,1,0,0.8325987662617758
1386,18,1,1,-1.5103055265019492
1387,49,0,0,0.507195392266814
1388,35,0,0,-0.403934054919079
1389,47,1,0,0.3770340426688293
1390,26,1,1,-0.9896601281100104
1391,33,1,0,-0.5340954045170637
1392,24,1,0,-1.119821477707995
1393,34,0,0,-0.4690147297180713
1394,18,0,0,-1.5103055265019492
1395,32,1,0,-0.5991760793160561
1396,36,1,0,-0.3388533801200866
1397,29,1,0,-0.7944181037130331
1398,31,1,1,-0.6642567541150485
1399,53,0,0,0.7675180914627834
1400,50,0,0,0.5722760670658064
1401,59,0,0,1.1580021402567375
1402,31,0,0,-0.6642567541150485
1403,33,0,0,-0.5340954045170637
1404,29,1,1,-0.7944181037130331
1405,51,0,0,0.6373567418647987
1406,28,0,1,-0.8594987785120255
1407,58,0,0,1.0929214654577453
1408,72,0,0,2.0040509126436383
1409,56,0,0,0.9627601158597604
1410,53,0,0,0.7675180914627834
1411,60,1,1,1.2230828150557298
1412,33,0,0,-0.5340954045170637
1413,37,0,0,-0.2737727053210943
1414,45,0,0,0.2468726930708445
1415,68,1,1,1.7437282134476688
1416,19,1,1,-1.445224851702957
1417,34,0,0,-0.4690147297180713
1418,22,1,0,-1.2499828273059796
1419,36,1,1,-0.3388533801200866
1420,46,1,1,0.3119533678698369
1421,18,1,1,-1.5103055265019492
1422,55,0,1,0.8976794410607681
1423,20,0,0,-1.3801441769039644
1424,20,0,0,-1.3801441769039644
1425,39,0,0,-0.1436113557231096
1426,18,0,0,-1.5103055265019492
1427,69,1,1,1.808808888246661
1428,50,0,0,0.5722760670658064
1429,21,1,1,-1.315063502104972
1430,25,0,0,-1.0547408029090026
1431,34,0,0,-0.4690147297180713
1432,49,1,1,0.507195392266814
1433,33,0,0,-0.5340954045170637
1434,77,1,1,2.3294542866386
1435,29,0,0,-0.7944181037130331
1436,38,0,0,-0.2086920305221019
1437,28,0,0,-0.8594987785120255
1438,18,0,0,-1.5103055265019492
1439,32,0,0,-0.5991760793160561
1440,60,0,0,1.2230828150557298
1441,34,0,0,-0.4690147297180713
1442,34,1,1,-0.4690147297180713
1443,45,0,0,0.2468726930708445
1444,27,0,0,-0.924579453311018
1445,29,0,0,-0.7944181037130331
1446,43,0,1,0.1167113434728598
1447,51,1,0,0.6373567418647987
1448,40,0,0,-0.0785306809241172
1449,18,0,0,-1.5103055265019492
1450,39,0,1,-0.1436113557231096
1451,38,0,0,-0.2086920305221019
1452,45,0,0,0.2468726930708445
1453,54,0,0,0.8325987662617758
1454,83,0,0,2.719938335432554
1455,43,0,0,0.1167113434728598
1456,70,1,1,1.8738895630456531
1457,58,0,0,1.0929214654577453
1458,34,1,1,-0.4690147297180713
1459,18,1,1,-1.5103055265019492
1460,34,0,0,-0.4690147297180713
1461,64,0,0,1.4834055142516993
1462,61,1,1,1.2881634898547225
1463,34,1,1,-0.4690147297180713
1464,28,1,1,-0.8594987785120255
1465,59,0,1,1.1580021402567375
1466,59,0,0,1.1580021402567375
1467,18,0,0,-1.5103055265019492
1468,26,1,0,-0.9896601281100104
1469,27,0,0,-0.924579453311018
1470,18,0,0,-1.5103055265019492
1471,68,1,0,1.7437282134476688
1472,64,1,1,1.4834055142516993
1473,39,1,0,-0.1436113557231096
1474,45,1,0,0.2468726930708445
1475,44,0,0,0.1817920182718521
1476,26,0,0,-0.9896601281100104
1477,34,1,1,-0.4690147297180713
1478,24,1,1,-1.119821477707995
1479,41,1,1,-0.0134500061251248
1480,44,0,0,0.1817920182718521
1481,50,1,1,0.5722760670658064
1482,40,0,1,-0.0785306809241172
1483,34,0,1,-0.4690147297180713
1484,37,0,0,-0.2737727053210943
1485,42,0,1,0.0516306686738674
1486,21,0,0,-1.315063502104972
1487,24,1,0,-1.119821477707995
1488,18,1,0,-1.5103055265019492
1489,48,0,1,0.4421147174678216
1490,45,0,0,0.2468726930708445
1491,21,0,0,-1.315063502104972
1492,18,1,0,-1.5103055265019492
1493,79,1,1,2.4596156362365846
1494,54,0,0,0.8325987662617758
1495,34,0,1,-0.4690147297180713
1496,52,0,0,0.702437416663791
1497,38,0,0,-0.2086920305221019
1498,65,0,0,1.5484861890506916
1499,36,0,0,-0.3388533801200866
1500,24,0,0,-1.119821477707995
